Workbook

Sheet 마스터
A1: 라벨 마스터 (재질·규격별 입고/출고/재고·가격·채널별 판매) — 재고 2026-10-07 실재고 · 오픈마켓 판매는 판매현황 시트 기준
A2: 수수료율 | C2: 0.054
A3: 부가세율 | C3: 0.1
A4: No | B4: 재질 | C4: 규격 | D4: 입고수량 | E4: 전체판매수량 (입고−재고) | F4: 오픈마켓 판매 합계(롤) | G4: 재고수량 (10/7 실재고) | H4: 오픈마켓 판매건수 (판매현황 기준) | I4: 출고 중 오픈마켓 비중 | J4: 재고순위 (재고 많은 순) | K4: 판매순위 (출고 많은 순) | L4: 롤당 수량(매) | M4: 장당 원가 | N4: 원가 | O4: 판매가 (부가세 별도) | P4: 등록가 (부가세 포함) | Q4: 이익금액(원) (수수료 제외) | R4: 마진율 (수수료 제외) | S4: 쿠팡 (롤) | T4: 지마켓 (롤) | U4: 전문몰 (롤) | V4: 11번가 (롤) | W4: 상태 | X4: 옵션 가능 수 (같은 재질 다른 사이즈) | Y4: 비고 | Z4: 기타몰 (롤) | AA4: 일반 판매 (오픈마켓 외, 롤)
A5: 1 | B5: 아트지 | C5: 35*20 | D5: 120 | E5: =D5-G5 -> 16 | F5: =S5+T5+U5+V5+Z5 -> 0 | G5: 104 | H5: =COUNTIFS(판매현황!$C$3:$C$1000,LEFT($B5,3),판매현황!$D$3:$D$1000,$C5,판매현황!$G$3:$G$1000,">0") -> 0 | I5: =IF(E5=0,"",F5/E5) -> 0 | J5: =COUNTIFS($A$5:$A$30,">0",$G$5:$G$30,">"&G5)+1 -> 2 | K5: =COUNTIFS($A$5:$A$30,">0",$E$5:$E$30,">"&E5)+1 -> 18 | L5: 2500 | M5: 0.6 | N5: =L5*M5 -> 1500 | O5: 2500 | P5: =IF(O5="","",ROUNDDOWN(O5*(1+$C$3),-1)) -> 2750 | Q5: =IF(O5="","",O5-O5*$C$2-N5) -> 865 | R5: =IF(O5="","",Q5/O5) -> 0.346 | S5: =SUMIFS(판매현황!$G$3:$G$1000,판매현황!$C$3:$C$1000,LEFT($B5,3),판매현황!$D$3:$D$1000,$C5,판매현황!$F$3:$F$1000,"쿠팡") -> 0 | T5: =SUMIFS(판매현황!$G$3:$G$1000,판매현황!$C$3:$C$1000,LEFT($B5,3),판매현황!$D$3:$D$1000,$C5,판매현황!$F$3:$F$1000,"지마켓") -> 0 | U5: =SUMIFS(판매현황!$G$3:$G$1000,판매현황!$C$3:$C$1000,LEFT($B5,3),판매현황!$D$3:$D$1000,$C5,판매현황!$F$3:$F$1000,"전문몰") -> 0 | V5: =SUMIFS(판매현황!$G$3:$G$1000,판매현황!$C$3:$C$1000,LEFT($B5,3),판매현황!$D$3:$D$1000,$C5,판매현황!$F$3:$F$1000,"11번가") -> 0 | W5: =IF(G5<=0,"품절",IF(E5=0,"미판매","판매중")) -> 판매중 | X5: =아트지!G23 -> 3 | Y5: 오픈마켓 판매 아님 | Z5: =SUMIFS(판매현황!$G$3:$G$1000,판매현황!$C$3:$C$1000,LEFT($B5,3),판매현황!$D$3:$D$1000,$C5)-S5-T5-U5-V5 -> 0 | AA5: =E5-F5 -> 16
A6: 2 | B6: 아트지 | C6: 40*20 | D6: 100 | E6: =D6-G6 -> 71 | F6: =S6+T6+U6+V6+Z6 -> 14 | G6: 29 | H6: =COUNTIFS(판매현황!$C$3:$C$1000,LEFT($B6,3),판매현황!$D$3:$D$1000,$C6,판매현황!$G$3:$G$1000,">0") -> 2 | I6: =IF(E6=0,"",F6/E6) -> 0.1971831 | J6: =COUNTIFS($A$5:$A$30,">0",$G$5:$G$30,">"&G6)+1 -> 11 | K6: =COUNTIFS($A$5:$A$30,">0",$E$5:$E$30,">"&E6)+1 -> 4 | L6: 2500 | M6: 0.6 | N6: =L6*M6 -> 1500 | O6: 2500 | P6: =IF(O6="","",ROUNDDOWN(O6*(1+$C$3),-1)) -> 2750 | Q6: =IF(O6="","",O6-O6*$C$2-N6) -> 865 | R6: =IF(O6="","",Q6/O6) -> 0.346 | S6: =SUMIFS(판매현황!$G$3:$G$1000,판매현황!$C$3:$C$1000,LEFT($B6,3),판매현황!$D$3:$D$1000,$C6,판매현황!$F$3:$F$1000,"쿠팡") -> 12 | T6: =SUMIFS(판매현황!$G$3:$G$1000,판매현황!$C$3:$C$1000,LEFT($B6,3),판매현황!$D$3:$D$1000,$C6,판매현황!$F$3:$F$1000,"지마켓") -> 0 | U6: =SUMIFS(판매현황!$G$3:$G$1000,판매현황!$C$3:$C$1000,LEFT($B6,3),판매현황!$D$3:$D$1000,$C6,판매현황!$F$3:$F$1000,"전문몰") -> 2 | V6: =SUMIFS(판매현황!$G$3:$G$1000,판매현황!$C$3:$C$1000,LEFT($B6,3),판매현황!$D$3:$D$1000,$C6,판매현황!$F$3:$F$1000,"11번가") -> 0 | W6: =IF(G6<=0,"품절",IF(E6=0,"미판매","판매중")) -> 판매중 | X6: =아트지!G24 -> 4 | Y6: 전문몰 2롤 | Z6: =SUMIFS(판매현황!$G$3:$G$1000,판매현황!$C$3:$C$1000,LEFT($B6,3),판매현황!$D$3:$D$1000,$C6)-S6-T6-U6-V6 -> 0 | AA6: =E6-F6 -> 57
A7: 3 | B7: 아트지 | C7: 50*30 | D7: 120 | E7: =D7-G7 -> 78 | F7: =S7+T7+U7+V7+Z7 -> 0 | G7: 42 | H7: =COUNTIFS(판매현황!$C$3:$C$1000,LEFT($B7,3),판매현황!$D$3:$D$1000,$C7,판매현황!$G$3:$G$1000,">0") -> 0 | I7: =IF(E7=0,"",F7/E7) -> 0 | J7: =COUNTIFS($A$5:$A$30,">0",$G$5:$G$30,">"&G7)+1 -> 7 | K7: =COUNTIFS($A$5:$A$30,">0",$E$5:$E$30,">"&E7)+1 -> 2 | L7: 2000 | M7: 0.9 | N7: =L7*M7 -> 1800 | O7: 4000 | P7: =IF(O7="","",ROUNDDOWN(O7*(1+$C$3),-1)) -> 4400 | Q7: =IF(O7="","",O7-O7*$C$2-N7) -> 1984 | R7: =IF(O7="","",Q7/O7) -> 0.496 | S7: =SUMIFS(판매현황!$G$3:$G$1000,판매현황!$C$3:$C$1000,LEFT($B7,3),판매현황!$D$3:$D$1000,$C7,판매현황!$F$3:$F$1000,"쿠팡") -> 0 | T7: =SUMIFS(판매현황!$G$3:$G$1000,판매현황!$C$3:$C$1000,LEFT($B7,3),판매현황!$D$3:$D$1000,$C7,판매현황!$F$3:$F$1000,"지마켓") -> 0 | U7: =SUMIFS(판매현황!$G$3:$G$1000,판매현황!$C$3:$C$1000,LEFT($B7,3),판매현황!$D$3:$D$1000,$C7,판매현황!$F$3:$F$1000,"전문몰") -> 0 | V7: =SUMIFS(판매현황!$G$3:$G$1000,판매현황!$C$3:$C$1000,LEFT($B7,3),판매현황!$D$3:$D$1000,$C7,판매현황!$F$3:$F$1000,"11번가") -> 0 | W7: =IF(G7<=0,"품절",IF(E7=0,"미판매","판매중")) -> 판매중 | X7: =아트지!G25 -> 6 | Y7: 전문몰 1롤 | Z7: =SUMIFS(판매현황!$G$3:$G$1000,판매현황!$C$3:$C$1000,LEFT($B7,3),판매현황!$D$3:$D$1000,$C7)-S7-T7-U7-V7 -> 0 | AA7: =E7-F7 -> 78
A8: 4 | B8: 아트지 | C8: 50*50 | D8: 70 | E8: =D8-G8 -> 52 | F8: =S8+T8+U8+V8+Z8 -> 22 | G8: 18 | H8: =COUNTIFS(판매현황!$C$3:$C$1000,LEFT($B8,3),판매현황!$D$3:$D$1000,$C8,판매현황!$G$3:$G$1000,">0") -> 3 | I8: =IF(E8=0,"",F8/E8) -> 0.42307692 | J8: =COUNTIFS($A$5:$A$30,">0",$G$5:$G$30,">"&G8)+1 -> 13 | K8: =COUNTIFS($A$5:$A$30,">0",$E$5:$E$30,">"&E8)+1 -> 8 | L8: 1000 | M8: 1.8 | N8: =L8*M8 -> 1800 | O8: 3500 | P8: =IF(O8="","",ROUNDDOWN(O8*(1+$C$3),-1)) -> 3850 | Q8: =IF(O8="","",O8-O8*$C$2-N8) -> 1511 | R8: =IF(O8="","",Q8/O8) -> 0.43171429 | S8: =SUMIFS(판매현황!$G$3:$G$1000,판매현황!$C$3:$C$1000,LEFT($B8,3),판매현황!$D$3:$D$1000,$C8,판매현황!$F$3:$F$1000,"쿠팡") -> 2 | T8: =SUMIFS(판매현황!$G$3:$G$1000,판매현황!$C$3:$C$1000,LEFT($B8,3),판매현황!$D$3:$D$1000,$C8,판매현황!$F$3:$F$1000,"지마켓") -> 20 | U8: =SUMIFS(판매현황!$G$3:$G$1000,판매현황!$C$3:$C$1000,LEFT($B8,3),판매현황!$D$3:$D$1000,$C8,판매현황!$F$3:$F$1000,"전문몰") -> 0 | V8: =SUMIFS(판매현황!$G$3:$G$1000,판매현황!$C$3:$C$1000,LEFT($B8,3),판매현황!$D$3:$D$1000,$C8,판매현황!$F$3:$F$1000,"11번가") -> 0 | W8: =IF(G8<=0,"품절",IF(E8=0,"미판매","판매중")) -> 판매중 | X8: =아트지!G26 -> 7 | Y8: 지마켓 20롤 + 쿠팡 2롤 | Z8: =SUMIFS(판매현황!$G$3:$G$1000,판매현황!$C$3:$C$1000,LEFT($B8,3),판매현황!$D$3:$D$1000,$C8)-S8-T8-U8-V8 -> 0 | AA8: =E8-F8 -> 30
A9: 5 | B9: 아트지 | C9: 60*40 | D9: 100 | E9: =D9-G9 -> 9 | F9: =S9+T9+U9+V9+Z9 -> 9 | G9: 91 | H9: =COUNTIFS(판매현황!$C$3:$C$1000,LEFT($B9,3),판매현황!$D$3:$D$1000,$C9,판매현황!$G$3:$G$1000,">0") -> 5 | I9: =IF(E9=0,"",F9/E9) -> 1 | J9: =COUNTIFS($A$5:$A$30,">0",$G$5:$G$30,">"&G9)+1 -> 3 | K9: =COUNTIFS($A$5:$A$30,">0",$E$5:$E$30,">"&E9)+1 -> 22 | L9: 1400 | M9: 1.6 | N9: =L9*M9 -> 2240 | O9: 4482 | P9: =IF(O9="","",ROUNDDOWN(O9*(1+$C$3),-1)) -> 4930 | Q9: =IF(O9="","",O9-O9*$C$2-N9) -> 1999.972 | R9: =IF(O9="","",Q9/O9) -> 0.44622311 | S9: =SUMIFS(판매현황!$G$3:$G$1000,판매현황!$C$3:$C$1000,LEFT($B9,3),판매현황!$D$3:$D$1000,$C9,판매현황!$F$3:$F$1000,"쿠팡") -> 4 | T9: =SUMIFS(판매현황!$G$3:$G$1000,판매현황!$C$3:$C$1000,LEFT($B9,3),판매현황!$D$3:$D$1000,$C9,판매현황!$F$3:$F$1000,"지마켓") -> 0 | U9: =SUMIFS(판매현황!$G$3:$G$1000,판매현황!$C$3:$C$1000,LEFT($B9,3),판매현황!$D$3:$D$1000,$C9,판매현황!$F$3:$F$1000,"전문몰") -> 5 | V9: =SUMIFS(판매현황!$G$3:$G$1000,판매현황!$C$3:$C$1000,LEFT($B9,3),판매현황!$D$3:$D$1000,$C9,판매현황!$F$3:$F$1000,"11번가") -> 0 | W9: =IF(G9<=0,"품절",IF(E9=0,"미판매","판매중")) -> 판매중 | X9: =아트지!G27 -> 6 | Y9: 쿠팡 1롤+전문몰 6롤 | Z9: =SUMIFS(판매현황!$G$3:$G$1000,판매현황!$C$3:$C$1000,LEFT($B9,3),판매현황!$D$3:$D$1000,$C9)-S9-T9-U9-V9 -> 0 | AA9: =E9-F9 -> 0
A10: 6 | B10: 아트지/품절 | C10: 70*40 | D10: 50 | E10: =D10-G10 -> 50 | F10: =S10+T10+U10+V10+Z10 -> 0 | G10: 0 | H10: =COUNTIFS(판매현황!$C$3:$C$1000,LEFT($B10,3),판매현황!$D$3:$D$1000,$C10,판매현황!$G$3:$G$1000,">0") -> 0 | I10: =IF(E10=0,"",F10/E10) -> 0 | J10: =COUNTIFS($A$5:$A$30,">0",$G$5:$G$30,">"&G10)+1 -> 21 | K10: =COUNTIFS($A$5:$A$30,">0",$E$5:$E$30,">"&E10)+1 -> 9 | L10: 1250 | M10: 1.9 | N10: =L10*M10 -> 2375 | P10: =IF(O10="","",ROUNDDOWN(O10*(1+$C$3),-1)) | Q10: =IF(O10="","",O10-O10*$C$2-N10) | R10: =IF(O10="","",Q10/O10) | S10: =SUMIFS(판매현황!$G$3:$G$1000,판매현황!$C$3:$C$1000,LEFT($B10,3),판매현황!$D$3:$D$1000,$C10,판매현황!$F$3:$F$1000,"쿠팡") -> 0 | T10: =SUMIFS(판매현황!$G$3:$G$1000,판매현황!$C$3:$C$1000,LEFT($B10,3),판매현황!$D$3:$D$1000,$C10,판매현황!$F$3:$F$1000,"지마켓") -> 0 | U10: =SUMIFS(판매현황!$G$3:$G$1000,판매현황!$C$3:$C$1000,LEFT($B10,3),판매현황!$D$3:$D$1000,$C10,판매현황!$F$3:$F$1000,"전문몰") -> 0 | V10: =SUMIFS(판매현황!$G$3:$G$1000,판매현황!$C$3:$C$1000,LEFT($B10,3),판매현황!$D$3:$D$1000,$C10,판매현황!$F$3:$F$1000,"11번가") -> 0 | W10: =IF(G10<=0,"품절",IF(E10=0,"미판매","판매중")) -> 품절 | X10: =아트지!G28 -> 0 | Z10: =SUMIFS(판매현황!$G$3:$G$1000,판매현황!$C$3:$C$1000,LEFT($B10,3),판매현황!$D$3:$D$1000,$C10)-S10-T10-U10-V10 -> 0 | AA10: =E10-F10 -> 50
A11: 7 | B11: 아트지 | C11: 80*60 | D11: 100 | E11: =D11-G11 -> 87 | F11: =S11+T11+U11+V11+Z11 -> 2 | G11: 13 | H11: =COUNTIFS(판매현황!$C$3:$C$1000,LEFT($B11,3),판매현황!$D$3:$D$1000,$C11,판매현황!$G$3:$G$1000,">0") -> 2 | I11: =IF(E11=0,"",F11/E11) -> 0.022988506 | J11: =COUNTIFS($A$5:$A$30,">0",$G$5:$G$30,">"&G11)+1 -> 15 | K11: =COUNTIFS($A$5:$A$30,">0",$E$5:$E$30,">"&E11)+1 -> 1 | L11: 1000 | M11: 3.1 | N11: =L11*M11 -> 3100 | O11: 6500 | P11: =IF(O11="","",ROUNDDOWN(O11*(1+$C$3),-1)) -> 7150 | Q11: =IF(O11="","",O11-O11*$C$2-N11) -> 3049 | R11: =IF(O11="","",Q11/O11) -> 0.46907692 | S11: =SUMIFS(판매현황!$G$3:$G$1000,판매현황!$C$3:$C$1000,LEFT($B11,3),판매현황!$D$3:$D$1000,$C11,판매현황!$F$3:$F$1000,"쿠팡") -> 0 | T11: =SUMIFS(판매현황!$G$3:$G$1000,판매현황!$C$3:$C$1000,LEFT($B11,3),판매현황!$D$3:$D$1000,$C11,판매현황!$F$3:$F$1000,"지마켓") -> 0 | U11: =SUMIFS(판매현황!$G$3:$G$1000,판매현황!$C$3:$C$1000,LEFT($B11,3),판매현황!$D$3:$D$1000,$C11,판매현황!$F$3:$F$1000,"전문몰") -> 2 | V11: =SUMIFS(판매현황!$G$3:$G$1000,판매현황!$C$3:$C$1000,LEFT($B11,3),판매현황!$D$3:$D$1000,$C11,판매현황!$F$3:$F$1000,"11번가") -> 0 | W11: =IF(G11<=0,"품절",IF(E11=0,"미판매","판매중")) -> 판매중 | X11: =아트지!G29 -> 5 | Y11: 오픈마켓 판매 아님 | Z11: =SUMIFS(판매현황!$G$3:$G$1000,판매현황!$C$3:$C$1000,LEFT($B11,3),판매현황!$D$3:$D$1000,$C11)-S11-T11-U11-V11 -> 0 | AA11: =E11-F11 -> 85
A12: 8 | B12: 아트지 | C12: 100*60 | D12: 80 | E12: =D12-G12 -> 72 | F12: =S12+T12+U12+V12+Z12 -> 13 | G12: 8 | H12: =COUNTIFS(판매현황!$C$3:$C$1000,LEFT($B12,3),판매현황!$D$3:$D$1000,$C12,판매현황!$G$3:$G$1000,">0") -> 4 | I12: =IF(E12=0,"",F12/E12) -> 0.18055556 | J12: =COUNTIFS($A$5:$A$30,">0",$G$5:$G$30,">"&G12)+1 -> 16 | K12: =COUNTIFS($A$5:$A$30,">0",$E$5:$E$30,">"&E12)+1 -> 3 | L12: 1000 | M12: 3.8 | N12: =L12*M12 -> 3800 | O12: 6500 | P12: =IF(O12="","",ROUNDDOWN(O12*(1+$C$3),-1)) -> 7150 | Q12: =IF(O12="","",O12-O12*$C$2-N12) -> 2349 | R12: =IF(O12="","",Q12/O12) -> 0.36138462 | S12: =SUMIFS(판매현황!$G$3:$G$1000,판매현황!$C$3:$C$1000,LEFT($B12,3),판매현황!$D$3:$D$1000,$C12,판매현황!$F$3:$F$1000,"쿠팡") -> 2 | T12: =SUMIFS(판매현황!$G$3:$G$1000,판매현황!$C$3:$C$1000,LEFT($B12,3),판매현황!$D$3:$D$1000,$C12,판매현황!$F$3:$F$1000,"지마켓") -> 5 | U12: =SUMIFS(판매현황!$G$3:$G$1000,판매현황!$C$3:$C$1000,LEFT($B12,3),판매현황!$D$3:$D$1000,$C12,판매현황!$F$3:$F$1000,"전문몰") -> 6 | V12: =SUMIFS(판매현황!$G$3:$G$1000,판매현황!$C$3:$C$1000,LEFT($B12,3),판매현황!$D$3:$D$1000,$C12,판매현황!$F$3:$F$1000,"11번가") -> 0 | W12: =IF(G12<=0,"품절",IF(E12=0,"미판매","판매중")) -> 판매중 | X12: =아트지!G30 -> 5 | Y12: 지마켓 5롤 + 쿠팡 2롤+전문몰 6롤 | Z12: =SUMIFS(판매현황!$G$3:$G$1000,판매현황!$C$3:$C$1000,LEFT($B12,3),판매현황!$D$3:$D$1000,$C12)-S12-T12-U12-V12 -> 0 | AA12: =E12-F12 -> 59
A13: 9 | B13: 아트지 | C13: 100*70 | D13: 70 | E13: =D13-G13 -> 68 | F13: =S13+T13+U13+V13+Z13 -> 0 | G13: 2 | H13: =COUNTIFS(판매현황!$C$3:$C$1000,LEFT($B13,3),판매현황!$D$3:$D$1000,$C13,판매현황!$G$3:$G$1000,">0") -> 0 | I13: =IF(E13=0,"",F13/E13) -> 0 | J13: =COUNTIFS($A$5:$A$30,">0",$G$5:$G$30,">"&G13)+1 -> 18 | K13: =COUNTIFS($A$5:$A$30,">0",$E$5:$E$30,">"&E13)+1 -> 5 | L13: 850 | M13: 2.3 | N13: =L13*M13 -> 1955 | O13: 9782 | P13: =IF(O13="","",ROUNDDOWN(O13*(1+$C$3),-1)) -> 10760 | Q13: =IF(O13="","",O13-O13*$C$2-N13) -> 7298.772 | R13: =IF(O13="","",Q13/O13) -> 0.74614312 | S13: =SUMIFS(판매현황!$G$3:$G$1000,판매현황!$C$3:$C$1000,LEFT($B13,3),판매현황!$D$3:$D$1000,$C13,판매현황!$F$3:$F$1000,"쿠팡") -> 0 | T13: =SUMIFS(판매현황!$G$3:$G$1000,판매현황!$C$3:$C$1000,LEFT($B13,3),판매현황!$D$3:$D$1000,$C13,판매현황!$F$3:$F$1000,"지마켓") -> 0 | U13: =SUMIFS(판매현황!$G$3:$G$1000,판매현황!$C$3:$C$1000,LEFT($B13,3),판매현황!$D$3:$D$1000,$C13,판매현황!$F$3:$F$1000,"전문몰") -> 0 | V13: =SUMIFS(판매현황!$G$3:$G$1000,판매현황!$C$3:$C$1000,LEFT($B13,3),판매현황!$D$3:$D$1000,$C13,판매현황!$F$3:$F$1000,"11번가") -> 0 | W13: =IF(G13<=0,"품절",IF(E13=0,"미판매","판매중")) -> 판매중 | X13: =아트지!G31 -> 3 | Y13: 오픈마켓 판매 아님 | Z13: =SUMIFS(판매현황!$G$3:$G$1000,판매현황!$C$3:$C$1000,LEFT($B13,3),판매현황!$D$3:$D$1000,$C13)-S13-T13-U13-V13 -> 0 | AA13: =E13-F13 -> 68
A14: 10 | B14: 아트지 | C14: 100*100 | D14: 80 | E14: =D14-G14 -> 50 | F14: =S14+T14+U14+V14+Z14 -> 11 | G14: 30 | H14: =COUNTIFS(판매현황!$C$3:$C$1000,LEFT($B14,3),판매현황!$D$3:$D$1000,$C14,판매현황!$G$3:$G$1000,">0") -> 2 | I14: =IF(E14=0,"",F14/E14) -> 0.22 | J14: =COUNTIFS($A$5:$A$30,">0",$G$5:$G$30,">"&G14)+1 -> 10 | K14: =COUNTIFS($A$5:$A$30,">0",$E$5:$E$30,">"&E14)+1 -> 9 | L14: 500 | M14: 6.1 | N14: =L14*M14 -> 3050 | O14: 7000 | P14: =IF(O14="","",ROUNDDOWN(O14*(1+$C$3),-1)) -> 7700 | Q14: =IF(O14="","",O14-O14*$C$2-N14) -> 3572 | R14: =IF(O14="","",Q14/O14) -> 0.51028571 | S14: =SUMIFS(판매현황!$G$3:$G$1000,판매현황!$C$3:$C$1000,LEFT($B14,3),판매현황!$D$3:$D$1000,$C14,판매현황!$F$3:$F$1000,"쿠팡") -> 0 | T14: =SUMIFS(판매현황!$G$3:$G$1000,판매현황!$C$3:$C$1000,LEFT($B14,3),판매현황!$D$3:$D$1000,$C14,판매현황!$F$3:$F$1000,"지마켓") -> 0 | U14: =SUMIFS(판매현황!$G$3:$G$1000,판매현황!$C$3:$C$1000,LEFT($B14,3),판매현황!$D$3:$D$1000,$C14,판매현황!$F$3:$F$1000,"전문몰") -> 11 | V14: =SUMIFS(판매현황!$G$3:$G$1000,판매현황!$C$3:$C$1000,LEFT($B14,3),판매현황!$D$3:$D$1000,$C14,판매현황!$F$3:$F$1000,"11번가") -> 0 | W14: =IF(G14<=0,"품절",IF(E14=0,"미판매","판매중")) -> 판매중 | X14: =아트지!G32 -> 6 | Y14: 전문몰 11롤 | Z14: =SUMIFS(판매현황!$G$3:$G$1000,판매현황!$C$3:$C$1000,LEFT($B14,3),판매현황!$D$3:$D$1000,$C14)-S14-T14-U14-V14 -> 0 | AA14: =E14-F14 -> 39
B15: 아트지 소계 | D15: =SUM(D5:D14) -> 890 | E15: =SUM(E5:E14) -> 553 | F15: =SUM(F5:F14) -> 71 | G15: =SUM(G5:G14) -> 337 | H15: =SUM(H5:H14) -> 18 | S15: =SUM(S5:S14) -> 20 | T15: =SUM(T5:T14) -> 25 | U15: =SUM(U5:U14) -> 26 | V15: =SUM(V5:V14) -> 0 | Z15: =SUM(Z5:Z14) -> 0 | AA15: =SUM(AA5:AA14) -> 482
A16: 11 | B16: 유포지 | C16: 30*15 | D16: 80 | E16: =D16-G16 -> 12 | F16: =S16+T16+U16+V16+Z16 -> 12 | G16: 68 | H16: =COUNTIFS(판매현황!$C$3:$C$1000,LEFT($B16,3),판매현황!$D$3:$D$1000,$C16,판매현황!$G$3:$G$1000,">0") -> 6 | I16: =IF(E16=0,"",F16/E16) -> 1 | J16: =COUNTIFS($A$5:$A$30,">0",$G$5:$G$30,">"&G16)+1 -> 5 | K16: =COUNTIFS($A$5:$A$30,">0",$E$5:$E$30,">"&E16)+1 -> 21 | L16: 3120 | M16: 0.5 | N16: =L16*M16 -> 1560 | O16: 4564 | P16: =IF(O16="","",ROUNDDOWN(O16*(1+$C$3),-1)) -> 5020 | Q16: =IF(O16="","",O16-O16*$C$2-N16) -> 2757.544 | R16: =IF(O16="","",Q16/O16) -> 0.60419457 | S16: =SUMIFS(판매현황!$G$3:$G$1000,판매현황!$C$3:$C$1000,LEFT($B16,3),판매현황!$D$3:$D$1000,$C16,판매현황!$F$3:$F$1000,"쿠팡") -> 2 | T16: =SUMIFS(판매현황!$G$3:$G$1000,판매현황!$C$3:$C$1000,LEFT($B16,3),판매현황!$D$3:$D$1000,$C16,판매현황!$F$3:$F$1000,"지마켓") -> 0 | U16: =SUMIFS(판매현황!$G$3:$G$1000,판매현황!$C$3:$C$1000,LEFT($B16,3),판매현황!$D$3:$D$1000,$C16,판매현황!$F$3:$F$1000,"전문몰") -> 10 | V16: =SUMIFS(판매현황!$G$3:$G$1000,판매현황!$C$3:$C$1000,LEFT($B16,3),판매현황!$D$3:$D$1000,$C16,판매현황!$F$3:$F$1000,"11번가") -> 0 | W16: =IF(G16<=0,"품절",IF(E16=0,"미판매","판매중")) -> 판매중 | X16: =유포지!G25 -> 5 | Y16: 쿠팡 2롤 + 전문몰 8롤 | Z16: =SUMIFS(판매현황!$G$3:$G$1000,판매현황!$C$3:$C$1000,LEFT($B16,3),판매현황!$D$3:$D$1000,$C16)-S16-T16-U16-V16 -> 0 | AA16: =E16-F16 -> 0
A17: 12 | B17: 유포지 | C17: 40*20 | D17: 80 | E17: =D17-G17 -> 0 | F17: =S17+T17+U17+V17+Z17 -> 0 | G17: 80 | H17: =COUNTIFS(판매현황!$C$3:$C$1000,LEFT($B17,3),판매현황!$D$3:$D$1000,$C17,판매현황!$G$3:$G$1000,">0") -> 0 | I17: =IF(E17=0,"",F17/E17) | J17: =COUNTIFS($A$5:$A$30,">0",$G$5:$G$30,">"&G17)+1 -> 4 | K17: =COUNTIFS($A$5:$A$30,">0",$E$5:$E$30,">"&E17)+1 -> 23 | L17: 2500 | M17: 0.8 | N17: =L17*M17 -> 2000 | O17: 5582 | P17: =IF(O17="","",ROUNDDOWN(O17*(1+$C$3),-1)) -> 6140 | Q17: =IF(O17="","",O17-O17*$C$2-N17) -> 3280.572 | R17: =IF(O17="","",Q17/O17) -> 0.58770548 | S17: =SUMIFS(판매현황!$G$3:$G$1000,판매현황!$C$3:$C$1000,LEFT($B17,3),판매현황!$D$3:$D$1000,$C17,판매현황!$F$3:$F$1000,"쿠팡") -> 0 | T17: =SUMIFS(판매현황!$G$3:$G$1000,판매현황!$C$3:$C$1000,LEFT($B17,3),판매현황!$D$3:$D$1000,$C17,판매현황!$F$3:$F$1000,"지마켓") -> 0 | U17: =SUMIFS(판매현황!$G$3:$G$1000,판매현황!$C$3:$C$1000,LEFT($B17,3),판매현황!$D$3:$D$1000,$C17,판매현황!$F$3:$F$1000,"전문몰") -> 0 | V17: =SUMIFS(판매현황!$G$3:$G$1000,판매현황!$C$3:$C$1000,LEFT($B17,3),판매현황!$D$3:$D$1000,$C17,판매현황!$F$3:$F$1000,"11번가") -> 0 | W17: =IF(G17<=0,"품절",IF(E17=0,"미판매","판매중")) -> 미판매 | X17: =유포지!G26 -> 6 | Z17: =SUMIFS(판매현황!$G$3:$G$1000,판매현황!$C$3:$C$1000,LEFT($B17,3),판매현황!$D$3:$D$1000,$C17)-S17-T17-U17-V17 -> 0 | AA17: =E17-F17 -> 0
A18: 13 | B18: 유포지/품절 | C18: 50*30 | D18: 50 | E18: =D18-G18 -> 50 | F18: =S18+T18+U18+V18+Z18 -> 50 | G18: 0 | H18: =COUNTIFS(판매현황!$C$3:$C$1000,LEFT($B18,3),판매현황!$D$3:$D$1000,$C18,판매현황!$G$3:$G$1000,">0") -> 1 | I18: =IF(E18=0,"",F18/E18) -> 1 | J18: =COUNTIFS($A$5:$A$30,">0",$G$5:$G$30,">"&G18)+1 -> 21 | K18: =COUNTIFS($A$5:$A$30,">0",$E$5:$E$30,">"&E18)+1 -> 9 | L18: 2000 | M18: 1.4 | N18: =L18*M18 -> 2800 | P18: =IF(O18="","",ROUNDDOWN(O18*(1+$C$3),-1)) | Q18: =IF(O18="","",O18-O18*$C$2-N18) | R18: =IF(O18="","",Q18/O18) | S18: =SUMIFS(판매현황!$G$3:$G$1000,판매현황!$C$3:$C$1000,LEFT($B18,3),판매현황!$D$3:$D$1000,$C18,판매현황!$F$3:$F$1000,"쿠팡") -> 0 | T18: =SUMIFS(판매현황!$G$3:$G$1000,판매현황!$C$3:$C$1000,LEFT($B18,3),판매현황!$D$3:$D$1000,$C18,판매현황!$F$3:$F$1000,"지마켓") -> 0 | U18: =SUMIFS(판매현황!$G$3:$G$1000,판매현황!$C$3:$C$1000,LEFT($B18,3),판매현황!$D$3:$D$1000,$C18,판매현황!$F$3:$F$1000,"전문몰") -> 50 | V18: =SUMIFS(판매현황!$G$3:$G$1000,판매현황!$C$3:$C$1000,LEFT($B18,3),판매현황!$D$3:$D$1000,$C18,판매현황!$F$3:$F$1000,"11번가") -> 0 | W18: =IF(G18<=0,"품절",IF(E18=0,"미판매","판매중")) -> 품절 | X18: =유포지!G27 -> 0 | Y18: 전문몰 50롤 | Z18: =SUMIFS(판매현황!$G$3:$G$1000,판매현황!$C$3:$C$1000,LEFT($B18,3),판매현황!$D$3:$D$1000,$C18)-S18-T18-U18-V18 -> 0 | AA18: =E18-F18 -> 0
A19: 14 | B19: 유포지 | C19: 60*40 | D19: 50 | E19: =D19-G19 -> 48 | F19: =S19+T19+U19+V19+Z19 -> 5 | G19: 2 | H19: =COUNTIFS(판매현황!$C$3:$C$1000,LEFT($B19,3),판매현황!$D$3:$D$1000,$C19,판매현황!$G$3:$G$1000,">0") -> 1 | I19: =IF(E19=0,"",F19/E19) -> 0.10416667 | J19: =COUNTIFS($A$5:$A$30,">0",$G$5:$G$30,">"&G19)+1 -> 18 | K19: =COUNTIFS($A$5:$A$30,">0",$E$5:$E$30,">"&E19)+1 -> 12 | L19: 1400 | M19: 2.2 | N19: =L19*M19 -> 3080 | O19: 5255 | P19: =IF(O19="","",ROUNDDOWN(O19*(1+$C$3),-1)) -> 5780 | Q19: =IF(O19="","",O19-O19*$C$2-N19) -> 1891.23 | R19: =IF(O19="","",Q19/O19) -> 0.35989153 | S19: =SUMIFS(판매현황!$G$3:$G$1000,판매현황!$C$3:$C$1000,LEFT($B19,3),판매현황!$D$3:$D$1000,$C19,판매현황!$F$3:$F$1000,"쿠팡") -> 0 | T19: =SUMIFS(판매현황!$G$3:$G$1000,판매현황!$C$3:$C$1000,LEFT($B19,3),판매현황!$D$3:$D$1000,$C19,판매현황!$F$3:$F$1000,"지마켓") -> 0 | U19: =SUMIFS(판매현황!$G$3:$G$1000,판매현황!$C$3:$C$1000,LEFT($B19,3),판매현황!$D$3:$D$1000,$C19,판매현황!$F$3:$F$1000,"전문몰") -> 5 | V19: =SUMIFS(판매현황!$G$3:$G$1000,판매현황!$C$3:$C$1000,LEFT($B19,3),판매현황!$D$3:$D$1000,$C19,판매현황!$F$3:$F$1000,"11번가") -> 0 | W19: =IF(G19<=0,"품절",IF(E19=0,"미판매","판매중")) -> 판매중 | X19: =유포지!G28 -> 6 | Y19: 전문몰 5롤 | Z19: =SUMIFS(판매현황!$G$3:$G$1000,판매현황!$C$3:$C$1000,LEFT($B19,3),판매현황!$D$3:$D$1000,$C19)-S19-T19-U19-V19 -> 0 | AA19: =E19-F19 -> 43
A20: 15 | B20: 유포지 | C20: 70*50 | D20: 60 | E20: =D20-G20 -> 45 | F20: =S20+T20+U20+V20+Z20 -> 12 | G20: 15 | H20: =COUNTIFS(판매현황!$C$3:$C$1000,LEFT($B20,3),판매현황!$D$3:$D$1000,$C20,판매현황!$G$3:$G$1000,">0") -> 5 | I20: =IF(E20=0,"",F20/E20) -> 0.26666667 | J20: =COUNTIFS($A$5:$A$30,">0",$G$5:$G$30,">"&G20)+1 -> 14 | K20: =COUNTIFS($A$5:$A$30,">0",$E$5:$E$30,">"&E20)+1 -> 14 | L20: 1000 | M20: 3.1 | N20: =L20*M20 -> 3100 | O20: 5445 | P20: =IF(O20="","",ROUNDDOWN(O20*(1+$C$3),-1)) -> 5980 | Q20: =IF(O20="","",O20-O20*$C$2-N20) -> 2050.97 | R20: =IF(O20="","",Q20/O20) -> 0.37667034 | S20: =SUMIFS(판매현황!$G$3:$G$1000,판매현황!$C$3:$C$1000,LEFT($B20,3),판매현황!$D$3:$D$1000,$C20,판매현황!$F$3:$F$1000,"쿠팡") -> 1 | T20: =SUMIFS(판매현황!$G$3:$G$1000,판매현황!$C$3:$C$1000,LEFT($B20,3),판매현황!$D$3:$D$1000,$C20,판매현황!$F$3:$F$1000,"지마켓") -> 0 | U20: =SUMIFS(판매현황!$G$3:$G$1000,판매현황!$C$3:$C$1000,LEFT($B20,3),판매현황!$D$3:$D$1000,$C20,판매현황!$F$3:$F$1000,"전문몰") -> 11 | V20: =SUMIFS(판매현황!$G$3:$G$1000,판매현황!$C$3:$C$1000,LEFT($B20,3),판매현황!$D$3:$D$1000,$C20,판매현황!$F$3:$F$1000,"11번가") -> 0 | W20: =IF(G20<=0,"품절",IF(E20=0,"미판매","판매중")) -> 판매중 | X20: =유포지!G29 -> 6 | Y20: 쿠팡 1롤 + 전문몰 6롤 | Z20: =SUMIFS(판매현황!$G$3:$G$1000,판매현황!$C$3:$C$1000,LEFT($B20,3),판매현황!$D$3:$D$1000,$C20)-S20-T20-U20-V20 -> 0 | AA20: =E20-F20 -> 33
A21: 16 | B21: 유포지 | C21: 70*60 | D21: 50 | E21: =D21-G21 -> 0 | F21: =S21+T21+U21+V21+Z21 -> 0 | G21: 50 | H21: =COUNTIFS(판매현황!$C$3:$C$1000,LEFT($B21,3),판매현황!$D$3:$D$1000,$C21,판매현황!$G$3:$G$1000,">0") -> 0 | I21: =IF(E21=0,"",F21/E21) | J21: =COUNTIFS($A$5:$A$30,">0",$G$5:$G$30,">"&G21)+1 -> 6 | K21: =COUNTIFS($A$5:$A$30,">0",$E$5:$E$30,">"&E21)+1 -> 23 | L21: 1000 | M21: 3.7 | N21: =L21*M21 -> 3700 | O21: 6527 | P21: =IF(O21="","",ROUNDDOWN(O21*(1+$C$3),-1)) -> 7170 | Q21: =IF(O21="","",O21-O21*$C$2-N21) -> 2474.542 | R21: =IF(O21="","",Q21/O21) -> 0.37912395 | S21: =SUMIFS(판매현황!$G$3:$G$1000,판매현황!$C$3:$C$1000,LEFT($B21,3),판매현황!$D$3:$D$1000,$C21,판매현황!$F$3:$F$1000,"쿠팡") -> 0 | T21: =SUMIFS(판매현황!$G$3:$G$1000,판매현황!$C$3:$C$1000,LEFT($B21,3),판매현황!$D$3:$D$1000,$C21,판매현황!$F$3:$F$1000,"지마켓") -> 0 | U21: =SUMIFS(판매현황!$G$3:$G$1000,판매현황!$C$3:$C$1000,LEFT($B21,3),판매현황!$D$3:$D$1000,$C21,판매현황!$F$3:$F$1000,"전문몰") -> 0 | V21: =SUMIFS(판매현황!$G$3:$G$1000,판매현황!$C$3:$C$1000,LEFT($B21,3),판매현황!$D$3:$D$1000,$C21,판매현황!$F$3:$F$1000,"11번가") -> 0 | W21: =IF(G21<=0,"품절",IF(E21=0,"미판매","판매중")) -> 미판매 | X21: =유포지!G30 -> 8 | Z21: =SUMIFS(판매현황!$G$3:$G$1000,판매현황!$C$3:$C$1000,LEFT($B21,3),판매현황!$D$3:$D$1000,$C21)-S21-T21-U21-V21 -> 0 | AA21: =E21-F21 -> 0
A22: 17 | B22: 유포지 | C22: 100*35 | D22: 50 | E22: =D22-G22 -> 14 | F22: =S22+T22+U22+V22+Z22 -> 1 | G22: 36 | H22: =COUNTIFS(판매현황!$C$3:$C$1000,LEFT($B22,3),판매현황!$D$3:$D$1000,$C22,판매현황!$G$3:$G$1000,">0") -> 1 | I22: =IF(E22=0,"",F22/E22) -> 0.071428571 | J22: =COUNTIFS($A$5:$A$30,">0",$G$5:$G$30,">"&G22)+1 -> 9 | K22: =COUNTIFS($A$5:$A$30,">0",$E$5:$E$30,">"&E22)+1 -> 20 | L22: 1500 | M22: 3.1 | N22: =L22*M22 -> 4650 | O22: 12891 | P22: =IF(O22="","",ROUNDDOWN(O22*(1+$C$3),-1)) -> 14180 | Q22: =IF(O22="","",O22-O22*$C$2-N22) -> 7544.886 | R22: =IF(O22="","",Q22/O22) -> 0.58528322 | S22: =SUMIFS(판매현황!$G$3:$G$1000,판매현황!$C$3:$C$1000,LEFT($B22,3),판매현황!$D$3:$D$1000,$C22,판매현황!$F$3:$F$1000,"쿠팡") -> 0 | T22: =SUMIFS(판매현황!$G$3:$G$1000,판매현황!$C$3:$C$1000,LEFT($B22,3),판매현황!$D$3:$D$1000,$C22,판매현황!$F$3:$F$1000,"지마켓") -> 0 | U22: =SUMIFS(판매현황!$G$3:$G$1000,판매현황!$C$3:$C$1000,LEFT($B22,3),판매현황!$D$3:$D$1000,$C22,판매현황!$F$3:$F$1000,"전문몰") -> 1 | V22: =SUMIFS(판매현황!$G$3:$G$1000,판매현황!$C$3:$C$1000,LEFT($B22,3),판매현황!$D$3:$D$1000,$C22,판매현황!$F$3:$F$1000,"11번가") -> 0 | W22: =IF(G22<=0,"품절",IF(E22=0,"미판매","판매중")) -> 판매중 | X22: =유포지!G31 -> 4 | Y22: 전문몰 1롤 | Z22: =SUMIFS(판매현황!$G$3:$G$1000,판매현황!$C$3:$C$1000,LEFT($B22,3),판매현황!$D$3:$D$1000,$C22)-S22-T22-U22-V22 -> 0 | AA22: =E22-F22 -> 13
A23: 18 | B23: 유포지/품절 | C23: 100*70 | D23: 55 | E23: =D23-G23 -> 55 | F23: =S23+T23+U23+V23+Z23 -> 2 | G23: 0 | H23: =COUNTIFS(판매현황!$C$3:$C$1000,LEFT($B23,3),판매현황!$D$3:$D$1000,$C23,판매현황!$G$3:$G$1000,">0") -> 2 | I23: =IF(E23=0,"",F23/E23) -> 0.036363636 | J23: =COUNTIFS($A$5:$A$30,">0",$G$5:$G$30,">"&G23)+1 -> 21 | K23: =COUNTIFS($A$5:$A$30,">0",$E$5:$E$30,">"&E23)+1 -> 7 | L23: 850 | M23: 6 | N23: =L23*M23 -> 5100 | O23: 9636 | P23: =IF(O23="","",ROUNDDOWN(O23*(1+$C$3),-1)) -> 10590 | Q23: =IF(O23="","",O23-O23*$C$2-N23) -> 4015.656 | R23: =IF(O23="","",Q23/O23) -> 0.41673474 | S23: =SUMIFS(판매현황!$G$3:$G$1000,판매현황!$C$3:$C$1000,LEFT($B23,3),판매현황!$D$3:$D$1000,$C23,판매현황!$F$3:$F$1000,"쿠팡") -> 1 | T23: =SUMIFS(판매현황!$G$3:$G$1000,판매현황!$C$3:$C$1000,LEFT($B23,3),판매현황!$D$3:$D$1000,$C23,판매현황!$F$3:$F$1000,"지마켓") -> 0 | U23: =SUMIFS(판매현황!$G$3:$G$1000,판매현황!$C$3:$C$1000,LEFT($B23,3),판매현황!$D$3:$D$1000,$C23,판매현황!$F$3:$F$1000,"전문몰") -> 1 | V23: =SUMIFS(판매현황!$G$3:$G$1000,판매현황!$C$3:$C$1000,LEFT($B23,3),판매현황!$D$3:$D$1000,$C23,판매현황!$F$3:$F$1000,"11번가") -> 0 | W23: =IF(G23<=0,"품절",IF(E23=0,"미판매","판매중")) -> 품절 | X23: =유포지!G32 -> 8 | Y23: 전문몰 1롤 + 쿠팡 1롤 | Z23: =SUMIFS(판매현황!$G$3:$G$1000,판매현황!$C$3:$C$1000,LEFT($B23,3),판매현황!$D$3:$D$1000,$C23)-S23-T23-U23-V23 -> 0 | AA23: =E23-F23 -> 53
A24: 19 | B24: 유포지 | C24: 100*80 | D24: 50 | E24: =D24-G24 -> 42 | F24: =S24+T24+U24+V24+Z24 -> 19 | G24: 8 | H24: =COUNTIFS(판매현황!$C$3:$C$1000,LEFT($B24,3),판매현황!$D$3:$D$1000,$C24,판매현황!$G$3:$G$1000,">0") -> 1 | I24: =IF(E24=0,"",F24/E24) -> 0.45238095 | J24: =COUNTIFS($A$5:$A$30,">0",$G$5:$G$30,">"&G24)+1 -> 16 | K24: =COUNTIFS($A$5:$A$30,">0",$E$5:$E$30,">"&E24)+1 -> 15 | L24: 700 | M24: 7 | N24: =L24*M24 -> 4900 | O24: 8118 | P24: =IF(O24="","",ROUNDDOWN(O24*(1+$C$3),-1)) -> 8920 | Q24: =IF(O24="","",O24-O24*$C$2-N24) -> 2779.628 | R24: =IF(O24="","",Q24/O24) -> 0.34240305 | S24: =SUMIFS(판매현황!$G$3:$G$1000,판매현황!$C$3:$C$1000,LEFT($B24,3),판매현황!$D$3:$D$1000,$C24,판매현황!$F$3:$F$1000,"쿠팡") -> 0 | T24: =SUMIFS(판매현황!$G$3:$G$1000,판매현황!$C$3:$C$1000,LEFT($B24,3),판매현황!$D$3:$D$1000,$C24,판매현황!$F$3:$F$1000,"지마켓") -> 19 | U24: =SUMIFS(판매현황!$G$3:$G$1000,판매현황!$C$3:$C$1000,LEFT($B24,3),판매현황!$D$3:$D$1000,$C24,판매현황!$F$3:$F$1000,"전문몰") -> 0 | V24: =SUMIFS(판매현황!$G$3:$G$1000,판매현황!$C$3:$C$1000,LEFT($B24,3),판매현황!$D$3:$D$1000,$C24,판매현황!$F$3:$F$1000,"11번가") -> 0 | W24: =IF(G24<=0,"품절",IF(E24=0,"미판매","판매중")) -> 판매중 | X24: =유포지!G33 -> 8 | Y24: 지마켓 19롤 | Z24: =SUMIFS(판매현황!$G$3:$G$1000,판매현황!$C$3:$C$1000,LEFT($B24,3),판매현황!$D$3:$D$1000,$C24)-S24-T24-U24-V24 -> 0 | AA24: =E24-F24 -> 23
A25: 20 | B25: 유포지 | C25: 100*90 | D25: 50 | E25: =D25-G25 -> 23 | F25: =S25+T25+U25+V25+Z25 -> 3 | G25: 27 | H25: =COUNTIFS(판매현황!$C$3:$C$1000,LEFT($B25,3),판매현황!$D$3:$D$1000,$C25,판매현황!$G$3:$G$1000,">0") -> 2 | I25: =IF(E25=0,"",F25/E25) -> 0.13043478 | J25: =COUNTIFS($A$5:$A$30,">0",$G$5:$G$30,">"&G25)+1 -> 12 | K25: =COUNTIFS($A$5:$A$30,">0",$E$5:$E$30,">"&E25)+1 -> 17 | L25: 625 | M25: 7.9 | N25: =L25*M25 -> 4937.5 | O25: 12664 | P25: =IF(O25="","",ROUNDDOWN(O25*(1+$C$3),-1)) -> 13930 | Q25: =IF(O25="","",O25-O25*$C$2-N25) -> 7042.644 | R25: =IF(O25="","",Q25/O25) -> 0.55611529 | S25: =SUMIFS(판매현황!$G$3:$G$1000,판매현황!$C$3:$C$1000,LEFT($B25,3),판매현황!$D$3:$D$1000,$C25,판매현황!$F$3:$F$1000,"쿠팡") -> 1 | T25: =SUMIFS(판매현황!$G$3:$G$1000,판매현황!$C$3:$C$1000,LEFT($B25,3),판매현황!$D$3:$D$1000,$C25,판매현황!$F$3:$F$1000,"지마켓") -> 0 | U25: =SUMIFS(판매현황!$G$3:$G$1000,판매현황!$C$3:$C$1000,LEFT($B25,3),판매현황!$D$3:$D$1000,$C25,판매현황!$F$3:$F$1000,"전문몰") -> 2 | V25: =SUMIFS(판매현황!$G$3:$G$1000,판매현황!$C$3:$C$1000,LEFT($B25,3),판매현황!$D$3:$D$1000,$C25,판매현황!$F$3:$F$1000,"11번가") -> 0 | W25: =IF(G25<=0,"품절",IF(E25=0,"미판매","판매중")) -> 판매중 | X25: =유포지!G34 -> 4 | Y25: 쿠팡 1롤 + 전문몰 2롤 | Z25: =SUMIFS(판매현황!$G$3:$G$1000,판매현황!$C$3:$C$1000,LEFT($B25,3),판매현황!$D$3:$D$1000,$C25)-S25-T25-U25-V25 -> 0 | AA25: =E25-F25 -> 20
A26: 21 | B26: 유포지/품절 | C26: 100*100 | D26: 67 | E26: =D26-G26 -> 67 | F26: =S26+T26+U26+V26+Z26 -> 14 | G26: 0 | H26: =COUNTIFS(판매현황!$C$3:$C$1000,LEFT($B26,3),판매현황!$D$3:$D$1000,$C26,판매현황!$G$3:$G$1000,">0") -> 5 | I26: =IF(E26=0,"",F26/E26) -> 0.20895522 | J26: =COUNTIFS($A$5:$A$30,">0",$G$5:$G$30,">"&G26)+1 -> 21 | K26: =COUNTIFS($A$5:$A$30,">0",$E$5:$E$30,">"&E26)+1 -> 6 | L26: 500 | M26: 8.4 | N26: =L26*M26 -> 4200 | O26: 7727 | P26: =IF(O26="","",ROUNDDOWN(O26*(1+$C$3),-1)) -> 8490 | Q26: =IF(O26="","",O26-O26*$C$2-N26) -> 3109.742 | R26: =IF(O26="","",Q26/O26) -> 0.4024514 | S26: =SUMIFS(판매현황!$G$3:$G$1000,판매현황!$C$3:$C$1000,LEFT($B26,3),판매현황!$D$3:$D$1000,$C26,판매현황!$F$3:$F$1000,"쿠팡") -> 0 | T26: =SUMIFS(판매현황!$G$3:$G$1000,판매현황!$C$3:$C$1000,LEFT($B26,3),판매현황!$D$3:$D$1000,$C26,판매현황!$F$3:$F$1000,"지마켓") -> 0 | U26: =SUMIFS(판매현황!$G$3:$G$1000,판매현황!$C$3:$C$1000,LEFT($B26,3),판매현황!$D$3:$D$1000,$C26,판매현황!$F$3:$F$1000,"전문몰") -> 14 | V26: =SUMIFS(판매현황!$G$3:$G$1000,판매현황!$C$3:$C$1000,LEFT($B26,3),판매현황!$D$3:$D$1000,$C26,판매현황!$F$3:$F$1000,"11번가") -> 0 | W26: =IF(G26<=0,"품절",IF(E26=0,"미판매","판매중")) -> 품절 | X26: =유포지!G35 -> 9 | Y26: 전문몰 14롤 | Z26: =SUMIFS(판매현황!$G$3:$G$1000,판매현황!$C$3:$C$1000,LEFT($B26,3),판매현황!$D$3:$D$1000,$C26)-S26-T26-U26-V26 -> 0 | AA26: =E26-F26 -> 53
A27: 22 | B27: 유포지 | C27: 100*150 | D27: 50 | E27: =D27-G27 -> 48 | F27: =S27+T27+U27+V27+Z27 -> 5 | G27: 2 | H27: =COUNTIFS(판매현황!$C$3:$C$1000,LEFT($B27,3),판매현황!$D$3:$D$1000,$C27,판매현황!$G$3:$G$1000,">0") -> 1 | I27: =IF(E27=0,"",F27/E27) -> 0.10416667 | J27: =COUNTIFS($A$5:$A$30,">0",$G$5:$G$30,">"&G27)+1 -> 18 | K27: =COUNTIFS($A$5:$A$30,">0",$E$5:$E$30,">"&E27)+1 -> 12 | L27: 400 | M27: 12.6 | N27: =L27*M27 -> 5040 | O27: 9273 | P27: =IF(O27="","",ROUNDDOWN(O27*(1+$C$3),-1)) -> 10200 | Q27: =IF(O27="","",O27-O27*$C$2-N27) -> 3732.258 | R27: =IF(O27="","",Q27/O27) -> 0.40248657 | S27: =SUMIFS(판매현황!$G$3:$G$1000,판매현황!$C$3:$C$1000,LEFT($B27,3),판매현황!$D$3:$D$1000,$C27,판매현황!$F$3:$F$1000,"쿠팡") -> 0 | T27: =SUMIFS(판매현황!$G$3:$G$1000,판매현황!$C$3:$C$1000,LEFT($B27,3),판매현황!$D$3:$D$1000,$C27,판매현황!$F$3:$F$1000,"지마켓") -> 0 | U27: =SUMIFS(판매현황!$G$3:$G$1000,판매현황!$C$3:$C$1000,LEFT($B27,3),판매현황!$D$3:$D$1000,$C27,판매현황!$F$3:$F$1000,"전문몰") -> 5 | V27: =SUMIFS(판매현황!$G$3:$G$1000,판매현황!$C$3:$C$1000,LEFT($B27,3),판매현황!$D$3:$D$1000,$C27,판매현황!$F$3:$F$1000,"11번가") -> 0 | W27: =IF(G27<=0,"품절",IF(E27=0,"미판매","판매중")) -> 판매중 | X27: =유포지!G36 -> 7 | Y27: 전문몰 5롤 | Z27: =SUMIFS(판매현황!$G$3:$G$1000,판매현황!$C$3:$C$1000,LEFT($B27,3),판매현황!$D$3:$D$1000,$C27)-S27-T27-U27-V27 -> 0 | AA27: =E27-F27 -> 43
B28: 유포지 소계 | D28: =SUM(D16:D27) -> 692 | E28: =SUM(E16:E27) -> 404 | F28: =SUM(F16:F27) -> 123 | G28: =SUM(G16:G27) -> 288 | H28: =SUM(H16:H27) -> 25 | S28: =SUM(S16:S27) -> 5 | T28: =SUM(T16:T27) -> 19 | U28: =SUM(U16:U27) -> 99 | V28: =SUM(V16:V27) -> 0 | Z28: =SUM(Z16:Z27) -> 0 | AA28: =SUM(AA16:AA27) -> 281
A29: 23 | B29: 감열지 | C29: 80*70 | D29: 56 | E29: =D29-G29 -> 16 | F29: =S29+T29+U29+V29+Z29 -> 11 | G29: 40 | H29: =COUNTIFS(판매현황!$C$3:$C$1000,LEFT($B29,3),판매현황!$D$3:$D$1000,$C29,판매현황!$G$3:$G$1000,">0") -> 2 | I29: =IF(E29=0,"",F29/E29) -> 0.6875 | J29: =COUNTIFS($A$5:$A$30,">0",$G$5:$G$30,">"&G29)+1 -> 8 | K29: =COUNTIFS($A$5:$A$30,">0",$E$5:$E$30,">"&E29)+1 -> 18 | L29: 900 | M29: 5.2 | N29: =L29*M29 -> 4680 | O29: 5090 | P29: =IF(O29="","",ROUNDDOWN(O29*(1+$C$3),-1)) -> 5590 | Q29: =IF(O29="","",O29-O29*$C$2-N29) -> 135.14 | R29: =IF(O29="","",Q29/O29) -> 0.026550098 | S29: =SUMIFS(판매현황!$G$3:$G$1000,판매현황!$C$3:$C$1000,LEFT($B29,3),판매현황!$D$3:$D$1000,$C29,판매현황!$F$3:$F$1000,"쿠팡") -> 11 | T29: =SUMIFS(판매현황!$G$3:$G$1000,판매현황!$C$3:$C$1000,LEFT($B29,3),판매현황!$D$3:$D$1000,$C29,판매현황!$F$3:$F$1000,"지마켓") -> 0 | U29: =SUMIFS(판매현황!$G$3:$G$1000,판매현황!$C$3:$C$1000,LEFT($B29,3),판매현황!$D$3:$D$1000,$C29,판매현황!$F$3:$F$1000,"전문몰") -> 0 | V29: =SUMIFS(판매현황!$G$3:$G$1000,판매현황!$C$3:$C$1000,LEFT($B29,3),판매현황!$D$3:$D$1000,$C29,판매현황!$F$3:$F$1000,"11번가") -> 0 | W29: =IF(G29<=0,"품절",IF(E29=0,"미판매","판매중")) -> 판매중 | X29: ="" | Y29: 쿠팡 1롤 | Z29: =SUMIFS(판매현황!$G$3:$G$1000,판매현황!$C$3:$C$1000,LEFT($B29,3),판매현황!$D$3:$D$1000,$C29)-S29-T29-U29-V29 -> 0 | AA29: =E29-F29 -> 5
A30: 24 | B30: 감열지 | C30: 100*100 | D30: 360 | E30: =D30-G30 -> 31 | F30: =S30+T30+U30+V30+Z30 -> 23 | G30: 329 | H30: =COUNTIFS(판매현황!$C$3:$C$1000,LEFT($B30,3),판매현황!$D$3:$D$1000,$C30,판매현황!$G$3:$G$1000,">0") -> 3 | I30: =IF(E30=0,"",F30/E30) -> 0.74193548 | J30: =COUNTIFS($A$5:$A$30,">0",$G$5:$G$30,">"&G30)+1 -> 1 | K30: =COUNTIFS($A$5:$A$30,">0",$E$5:$E$30,">"&E30)+1 -> 16 | L30: 500 | M30: 9.7 | N30: =L30*M30 -> 4850 | O30: 6870 | P30: =IF(O30="","",ROUNDDOWN(O30*(1+$C$3),-1)) -> 7550 | Q30: =IF(O30="","",O30-O30*$C$2-N30) -> 1649.02 | R30: =IF(O30="","",Q30/O30) -> 0.24003202 | S30: =SUMIFS(판매현황!$G$3:$G$1000,판매현황!$C$3:$C$1000,LEFT($B30,3),판매현황!$D$3:$D$1000,$C30,판매현황!$F$3:$F$1000,"쿠팡") -> 0 | T30: =SUMIFS(판매현황!$G$3:$G$1000,판매현황!$C$3:$C$1000,LEFT($B30,3),판매현황!$D$3:$D$1000,$C30,판매현황!$F$3:$F$1000,"지마켓") -> 17 | U30: =SUMIFS(판매현황!$G$3:$G$1000,판매현황!$C$3:$C$1000,LEFT($B30,3),판매현황!$D$3:$D$1000,$C30,판매현황!$F$3:$F$1000,"전문몰") -> 0 | V30: =SUMIFS(판매현황!$G$3:$G$1000,판매현황!$C$3:$C$1000,LEFT($B30,3),판매현황!$D$3:$D$1000,$C30,판매현황!$F$3:$F$1000,"11번가") -> 0 | W30: =IF(G30<=0,"품절",IF(E30=0,"미판매","판매중")) -> 판매중 | X30: ="" | Y30: 지마켓 16롤 | Z30: =SUMIFS(판매현황!$G$3:$G$1000,판매현황!$C$3:$C$1000,LEFT($B30,3),판매현황!$D$3:$D$1000,$C30)-S30-T30-U30-V30 -> 6 | AA30: =E30-F30 -> 8
B31: 감열지 소계 | D31: =SUM(D29:D30) -> 416 | E31: =SUM(E29:E30) -> 47 | F31: =SUM(F29:F30) -> 34 | G31: =SUM(G29:G30) -> 369 | H31: =SUM(H29:H30) -> 5 | P31: =E31/D31 -> 0.11298077 | S31: =SUM(S29:S30) -> 11 | T31: =SUM(T29:T30) -> 17 | U31: =SUM(U29:U30) -> 0 | V31: =SUM(V29:V30) -> 0 | Z31: =SUM(Z29:Z30) -> 6 | AA31: =SUM(AA29:AA30) -> 13
B32: 전체 합계 | D32: =D15+D28+D31 -> 1998 | E32: =E15+E28+E31 -> 1004 | F32: =F15+F28+F31 -> 228 | G32: =G15+G28+G31 -> 994 | H32: =H15+H28+H31 -> 48 | S32: =S15+S28+S31 -> 36 | T32: =T15+T28+T31 -> 61 | U32: =U15+U28+U31 -> 125 | V32: =V15+V28+V31 -> 0 | Z32: =Z15+Z28+Z31 -> 6 | AA32: =AA15+AA28+AA31 -> 776
A33: 계산 방법: 재고(G, 파란 글씨) = 실재고(재고 프로그램 10/7) 입력 · 전체판매(E) = 입고(D) − 재고(G) · 채널별 판매(S~V, Z) = 판매현황 시트에서 재질·규격·판매처가 같은 수량 합계 · 오픈마켓 판매 합계(F) = 쿠팡+지마켓+전문몰+11번가+기타몰 · 일반 판매(AA) = 전체판매(E) − 오픈마켓 판매(F)
A34: 재고가 바뀌면 G열만 새 실재고로 고치고, 오픈마켓 판매는 판매현황 시트에 한 줄씩 추가하면 됩니다. 일반 판매(AA)가 빨갛게(음수) 나오면 판매현황 기록이 실재고보다 많다는 뜻이니 기록을 확인하세요. 원가(N) = 롤당 수량 × 장당 원가 · 등록가(P) = 판매가 × 1.1 (10원 미만 버림) · 이익(Q) = 판매가 − 판매가×수수료율 − 원가 · 마진율(R) = 이익 ÷ 판매가
A36: 라벨별 오픈마켓 판매 (롤)
A37: No | B37: 재질 | C37: 규격 | D37: 쿠팡 | E37: 지마켓 | F37: 11번가 | G37: 전문몰 | H37: 기타몰 | I37: 총 출고(롤)
A38: =A5 -> 1 | B38: =B5 -> 아트지 | C38: =C5 -> 35*20 | D38: =S5 -> 0 | E38: =T5 -> 0 | F38: =V5 -> 0 | G38: =U5 -> 0 | H38: =Z5 -> 0 | I38: =E5 -> 16
A39: =A6 -> 2 | B39: =B6 -> 아트지 | C39: =C6 -> 40*20 | D39: =S6 -> 12 | E39: =T6 -> 0 | F39: =V6 -> 0 | G39: =U6 -> 2 | H39: =Z6 -> 0 | I39: =E6 -> 71
A40: =A7 -> 3 | B40: =B7 -> 아트지 | C40: =C7 -> 50*30 | D40: =S7 -> 0 | E40: =T7 -> 0 | F40: =V7 -> 0 | G40: =U7 -> 0 | H40: =Z7 -> 0 | I40: =E7 -> 78
A41: =A8 -> 4 | B41: =B8 -> 아트지 | C41: =C8 -> 50*50 | D41: =S8 -> 2 | E41: =T8 -> 20 | F41: =V8 -> 0 | G41: =U8 -> 0 | H41: =Z8 -> 0 | I41: =E8 -> 52
A42: =A9 -> 5 | B42: =B9 -> 아트지 | C42: =C9 -> 60*40 | D42: =S9 -> 4 | E42: =T9 -> 0 | F42: =V9 -> 0 | G42: =U9 -> 5 | H42: =Z9 -> 0 | I42: =E9 -> 9
A43: =A10 -> 6 | B43: =B10 -> 아트지/품절 | C43: =C10 -> 70*40 | D43: =S10 -> 0 | E43: =T10 -> 0 | F43: =V10 -> 0 | G43: =U10 -> 0 | H43: =Z10 -> 0 | I43: =E10 -> 50
A44: =A11 -> 7 | B44: =B11 -> 아트지 | C44: =C11 -> 80*60 | D44: =S11 -> 0 | E44: =T11 -> 0 | F44: =V11 -> 0 | G44: =U11 -> 2 | H44: =Z11 -> 0 | I44: =E11 -> 87
A45: =A12 -> 8 | B45: =B12 -> 아트지 | C45: =C12 -> 100*60 | D45: =S12 -> 2 | E45: =T12 -> 5 | F45: =V12 -> 0 | G45: =U12 -> 6 | H45: =Z12 -> 0 | I45: =E12 -> 72
A46: =A13 -> 9 | B46: =B13 -> 아트지 | C46: =C13 -> 100*70 | D46: =S13 -> 0 | E46: =T13 -> 0 | F46: =V13 -> 0 | G46: =U13 -> 0 | H46: =Z13 -> 0 | I46: =E13 -> 68
A47: =A14 -> 10 | B47: =B14 -> 아트지 | C47: =C14 -> 100*100 | D47: =S14 -> 0 | E47: =T14 -> 0 | F47: =V14 -> 0 | G47: =U14 -> 11 | H47: =Z14 -> 0 | I47: =E14 -> 50
A48: =A16 -> 11 | B48: =B16 -> 유포지 | C48: =C16 -> 30*15 | D48: =S16 -> 2 | E48: =T16 -> 0 | F48: =V16 -> 0 | G48: =U16 -> 10 | H48: =Z16 -> 0 | I48: =E16 -> 12
A49: =A17 -> 12 | B49: =B17 -> 유포지 | C49: =C17 -> 40*20 | D49: =S17 -> 0 | E49: =T17 -> 0 | F49: =V17 -> 0 | G49: =U17 -> 0 | H49: =Z17 -> 0 | I49: =E17 -> 0
A50: =A18 -> 13 | B50: =B18 -> 유포지/품절 | C50: =C18 -> 50*30 | D50: =S18 -> 0 | E50: =T18 -> 0 | F50: =V18 -> 0 | G50: =U18 -> 50 | H50: =Z18 -> 0 | I50: =E18 -> 50
A51: =A19 -> 14 | B51: =B19 -> 유포지 | C51: =C19 -> 60*40 | D51: =S19 -> 0 | E51: =T19 -> 0 | F51: =V19 -> 0 | G51: =U19 -> 5 | H51: =Z19 -> 0 | I51: =E19 -> 48
A52: =A20 -> 15 | B52: =B20 -> 유포지 | C52: =C20 -> 70*50 | D52: =S20 -> 1 | E52: =T20 -> 0 | F52: =V20 -> 0 | G52: =U20 -> 11 | H52: =Z20 -> 0 | I52: =E20 -> 45
A53: =A21 -> 16 | B53: =B21 -> 유포지 | C53: =C21 -> 70*60 | D53: =S21 -> 0 | E53: =T21 -> 0 | F53: =V21 -> 0 | G53: =U21 -> 0 | H53: =Z21 -> 0 | I53: =E21 -> 0
A54: =A22 -> 17 | B54: =B22 -> 유포지 | C54: =C22 -> 100*35 | D54: =S22 -> 0 | E54: =T22 -> 0 | F54: =V22 -> 0 | G54: =U22 -> 1 | H54: =Z22 -> 0 | I54: =E22 -> 14
A55: =A23 -> 18 | B55: =B23 -> 유포지/품절 | C55: =C23 -> 100*70 | D55: =S23 -> 1 | E55: =T23 -> 0 | F55: =V23 -> 0 | G55: =U23 -> 1 | H55: =Z23 -> 0 | I55: =E23 -> 55
A56: =A24 -> 19 | B56: =B24 -> 유포지 | C56: =C24 -> 100*80 | D56: =S24 -> 0 | E56: =T24 -> 19 | F56: =V24 -> 0 | G56: =U24 -> 0 | H56: =Z24 -> 0 | I56: =E24 -> 42
A57: =A25 -> 20 | B57: =B25 -> 유포지 | C57: =C25 -> 100*90 | D57: =S25 -> 1 | E57: =T25 -> 0 | F57: =V25 -> 0 | G57: =U25 -> 2 | H57: =Z25 -> 0 | I57: =E25 -> 23
A58: =A26 -> 21 | B58: =B26 -> 유포지/품절 | C58: =C26 -> 100*100 | D58: =S26 -> 0 | E58: =T26 -> 0 | F58: =V26 -> 0 | G58: =U26 -> 14 | H58: =Z26 -> 0 | I58: =E26 -> 67
A59: =A27 -> 22 | B59: =B27 -> 유포지 | C59: =C27 -> 100*150 | D59: =S27 -> 0 | E59: =T27 -> 0 | F59: =V27 -> 0 | G59: =U27 -> 5 | H59: =Z27 -> 0 | I59: =E27 -> 48
A60: =A29 -> 23 | B60: =B29 -> 감열지 | C60: =C29 -> 80*70 | D60: =S29 -> 11 | E60: =T29 -> 0 | F60: =V29 -> 0 | G60: =U29 -> 0 | H60: =Z29 -> 0 | I60: =E29 -> 16
A61: =A30 -> 24 | B61: =B30 -> 감열지 | C61: =C30 -> 100*100 | D61: =S30 -> 0 | E61: =T30 -> 17 | F61: =V30 -> 0 | G61: =U30 -> 0 | H61: =Z30 -> 6 | I61: =E30 -> 31
B62: 합계 | C62: =D62+E62+F62+G62+H62 -> 228 | D62: =SUM(D38:D61) -> 36 | E62: =SUM(E38:E61) -> 61 | F62: =SUM(F38:F61) -> 0 | G62: =SUM(G38:G61) -> 125 | H62: =SUM(H38:H61) -> 6 | I62: =SUM(I38:I61) -> 1004

Sheet 아트지
A1: 아트지 전체현황
A3: 규격 | B3: 입고수량 | C3: 전체판매수량 | D3: 재고수량 | E3: 오픈마켓판매수량 | F3: 기타채널판매수량 | G3: 판매가 (부가세별도) | H3: 판매가 (부가세포함) | I3: 마진율 | T3: 오픈마켓 판매건수 (판매현황 기준)
A4: =마스터!C8 -> 50*50 | B4: =마스터!D8 -> 70 | C4: =마스터!E8 -> 52 | D4: =마스터!G8 -> 18 | E4: =마스터!F8 -> 22 | F4: =마스터!E8-마스터!F8 -> 30 | G4: =IF(ISBLANK(마스터!O8),"미기재",마스터!O8) -> 3500 | H4: =IF(마스터!P8="","미기재",마스터!P8) -> 3850 | I4: =IF(마스터!R8="","계산불가",마스터!R8) -> 0.43171429 | T4: 3건(22롤)
A5: =마스터!C14 -> 100*100 | B5: =마스터!D14 -> 80 | C5: =마스터!E14 -> 50 | D5: =마스터!G14 -> 30 | E5: =마스터!F14 -> 11 | F5: =마스터!E14-마스터!F14 -> 39 | G5: =IF(ISBLANK(마스터!O14),"미기재",마스터!O14) -> 7000 | H5: =IF(마스터!P14="","미기재",마스터!P14) -> 7700 | I5: =IF(마스터!R14="","계산불가",마스터!R14) -> 0.51028571 | T5: 2건(11롤)
A6: =마스터!C9 -> 60*40 | B6: =마스터!D9 -> 100 | C6: =마스터!E9 -> 9 | D6: =마스터!G9 -> 91 | E6: =마스터!F9 -> 9 | F6: =마스터!E9-마스터!F9 -> 0 | G6: =IF(ISBLANK(마스터!O9),"미기재",마스터!O9) -> 4482 | H6: =IF(마스터!P9="","미기재",마스터!P9) -> 4930 | I6: =IF(마스터!R9="","계산불가",마스터!R9) -> 0.44622311 | T6: 2건(2롤)
A7: =마스터!C12 -> 100*60 | B7: =마스터!D12 -> 80 | C7: =마스터!E12 -> 72 | D7: =마스터!G12 -> 8 | E7: =마스터!F12 -> 13 | F7: =마스터!E12-마스터!F12 -> 59 | G7: =IF(ISBLANK(마스터!O12),"미기재",마스터!O12) -> 6500 | H7: =IF(마스터!P12="","미기재",마스터!P12) -> 7150 | I7: =IF(마스터!R12="","계산불가",마스터!R12) -> 0.36138462 | T7: 4건(13롤)
A8: =마스터!C7 -> 50*30 | B8: =마스터!D7 -> 120 | C8: =마스터!E7 -> 78 | D8: =마스터!G7 -> 42 | E8: =마스터!F7 -> 0 | F8: =마스터!E7-마스터!F7 -> 78 | G8: =IF(ISBLANK(마스터!O7),"미기재",마스터!O7) -> 4000 | H8: =IF(마스터!P7="","미기재",마스터!P7) -> 4400 | I8: =IF(마스터!R7="","계산불가",마스터!R7) -> 0.496 | T8: 0건
A9: =마스터!C5 -> 35*20 | B9: =마스터!D5 -> 120 | C9: =마스터!E5 -> 16 | D9: =마스터!G5 -> 104 | E9: =마스터!F5 -> 0 | F9: =마스터!E5-마스터!F5 -> 16 | G9: =IF(ISBLANK(마스터!O5),"미기재",마스터!O5) -> 2500 | H9: =IF(마스터!P5="","미기재",마스터!P5) -> 2750 | I9: =IF(마스터!R5="","계산불가",마스터!R5) -> 0.346 | T9: 0건
A10: =마스터!C11 -> 80*60 | B10: =마스터!D11 -> 100 | C10: =마스터!E11 -> 87 | D10: =마스터!G11 -> 13 | E10: =마스터!F11 -> 2 | F10: =마스터!E11-마스터!F11 -> 85 | G10: =IF(ISBLANK(마스터!O11),"미기재",마스터!O11) -> 6500 | H10: =IF(마스터!P11="","미기재",마스터!P11) -> 7150 | I10: =IF(마스터!R11="","계산불가",마스터!R11) -> 0.46907692 | T10: 1건(1롤)
A11: =마스터!C6 -> 40*20 | B11: =마스터!D6 -> 100 | C11: =마스터!E6 -> 71 | D11: =마스터!G6 -> 29 | E11: =마스터!F6 -> 14 | F11: =마스터!E6-마스터!F6 -> 57 | G11: =IF(ISBLANK(마스터!O6),"미기재",마스터!O6) -> 2500 | H11: =IF(마스터!P6="","미기재",마스터!P6) -> 2750 | I11: =IF(마스터!R6="","계산불가",마스터!R6) -> 0.346 | T11: 1건(2롤)
A12: =마스터!C10 -> 70*40 | B12: =마스터!D10 -> 50 | C12: =마스터!E10 -> 50 | D12: =마스터!G10 -> 0 | E12: =마스터!F10 -> 0 | F12: =마스터!E10-마스터!F10 -> 50 | G12: =IF(ISBLANK(마스터!O10),"미기재",마스터!O10) -> 미기재 | H12: =IF(마스터!P10="","미기재",마스터!P10) -> 미기재 | I12: =IF(마스터!R10="","계산불가",마스터!R10) -> 계산불가 | T12: 1건(0롤)
A13: =마스터!C13 -> 100*70 | B13: =마스터!D13 -> 70 | C13: =마스터!E13 -> 68 | D13: =마스터!G13 -> 2 | E13: =마스터!F13 -> 0 | F13: =마스터!E13-마스터!F13 -> 68 | G13: =IF(ISBLANK(마스터!O13),"미기재",마스터!O13) -> 9782 | H13: =IF(마스터!P13="","미기재",마스터!P13) -> 10760 | I13: =IF(마스터!R13="","계산불가",마스터!R13) -> 0.74614312 | T13: 1건(0롤)
A14: 합계 | B14: =SUM(B4:B13) -> 890 | C14: =SUM(C4:C13) -> 553 | D14: =SUM(D4:D13) -> 337 | E14: =SUM(E4:E13) -> 71 | F14: =SUM(F4:F13) -> 482 | T14: 16건
A17: 라벨별 옵션 구성 — 각 라벨을 대표가(기준)로 잡았을 때 옵션으로 함께 넣을 수 있는 사이즈 종류·개수
A18: 옵션추가금액 하한(대표가 대비) | F18: -0.5
A19: 옵션추가금액 상한(대표가 대비) | F19: 1
A20: 품절(재고 0) 사이즈 옵션 제외 (1=제외, 0=포함) | F20: 1
A22: No | B22: 재질 | C22: 규격 | D22: 대표가 (부가세 포함) | E22: 옵션가 하한 (최소 판매가) | F22: 옵션가 상한 (최대 판매가) | G22: 옵션 가능 수 (개) | H22: 옵션 종류 (옵션추가금액) | K22: =마스터!C14 -> 100*100 | L22: =마스터!C9 -> 60*40 | M22: =마스터!C12 -> 100*60 | N22: =마스터!C7 -> 50*30 | O22: =마스터!C5 -> 35*20 | P22: =마스터!C11 -> 80*60 | Q22: =마스터!C6 -> 40*20 | R22: =마스터!C10 -> 70*40 | S22: =마스터!C13 -> 100*70
A23: =마스터!A5 -> 1 | B23: =마스터!B5 -> 아트지 | C23: =마스터!C5 -> 35*20 | D23: =마스터!P5 -> 2750 | E23: =IF(ISNUMBER(D23),ROUNDDOWN(D23*(1+$F$18),-1),"") -> 1370 | F23: =IF(ISNUMBER(D23),ROUNDDOWN(D23*(1+$F$19),-1),"") -> 5500 | G23: =SUMPRODUCT(--(LEN(J23:AF23)>0)) -> 3 | H23: =IF(G23>0,_xlfn.TEXTJOIN(", ",TRUE(),J23:AF23),IF(ISNUMBER(D23),"옵션 가능한 사이즈 없음","가격 미정 — 판매가 입력 필요")) -> 60*40(+2,180), 50*30(+1,650), 40*20(+0) | K23: =IF(OR(NOT(ISNUMBER($E23)),NOT(ISNUMBER(마스터!$P$14))),"",IF(AND(마스터!$P$14>=$E23,마스터!$P$14<=$F23,OR($F$20=0,마스터!$G$14>0)),마스터!$C$14&"("&IF(마스터!$P$14-$D23>=0,"+","")&TEXT(마스터!$P$14-$D23,"#,##0")&")","")) | L23: =IF(OR(NOT(ISNUMBER($E23)),NOT(ISNUMBER(마스터!$P$9))),"",IF(AND(마스터!$P$9>=$E23,마스터!$P$9<=$F23,OR($F$20=0,마스터!$G$9>0)),마스터!$C$9&"("&IF(마스터!$P$9-$D23>=0,"+","")&TEXT(마스터!$P$9-$D23,"#,##0")&")","")) -> 60*40(+2,180) | M23: =IF(OR(NOT(ISNUMBER($E23)),NOT(ISNUMBER(마스터!$P$12))),"",IF(AND(마스터!$P$12>=$E23,마스터!$P$12<=$F23,OR($F$20=0,마스터!$G$12>0)),마스터!$C$12&"("&IF(마스터!$P$12-$D23>=0,"+","")&TEXT(마스터!$P$12-$D23,"#,##0")&")","")) | N23: =IF(OR(NOT(ISNUMBER($E23)),NOT(ISNUMBER(마스터!$P$7))),"",IF(AND(마스터!$P$7>=$E23,마스터!$P$7<=$F23,OR($F$20=0,마스터!$G$7>0)),마스터!$C$7&"("&IF(마스터!$P$7-$D23>=0,"+","")&TEXT(마스터!$P$7-$D23,"#,##0")&")","")) -> 50*30(+1,650) | P23: =IF(OR(NOT(ISNUMBER($E23)),NOT(ISNUMBER(마스터!$P$11))),"",IF(AND(마스터!$P$11>=$E23,마스터!$P$11<=$F23,OR($F$20=0,마스터!$G$11>0)),마스터!$C$11&"("&IF(마스터!$P$11-$D23>=0,"+","")&TEXT(마스터!$P$11-$D23,"#,##0")&")","")) | Q23: =IF(OR(NOT(ISNUMBER($E23)),NOT(ISNUMBER(마스터!$P$6))),"",IF(AND(마스터!$P$6>=$E23,마스터!$P$6<=$F23,OR($F$20=0,마스터!$G$6>0)),마스터!$C$6&"("&IF(마스터!$P$6-$D23>=0,"+","")&TEXT(마스터!$P$6-$D23,"#,##0")&")","")) -> 40*20(+0) | R23: =IF(OR(NOT(ISNUMBER($E23)),NOT(ISNUMBER(마스터!$P$10))),"",IF(AND(마스터!$P$10>=$E23,마스터!$P$10<=$F23,OR($F$20=0,마스터!$G$10>0)),마스터!$C$10&"("&IF(마스터!$P$10-$D23>=0,"+","")&TEXT(마스터!$P$10-$D23,"#,##0")&")","")) | S23: =IF(OR(NOT(ISNUMBER($E23)),NOT(ISNUMBER(마스터!$P$13))),"",IF(AND(마스터!$P$13>=$E23,마스터!$P$13<=$F23,OR($F$20=0,마스터!$G$13>0)),마스터!$C$13&"("&IF(마스터!$P$13-$D23>=0,"+","")&TEXT(마스터!$P$13-$D23,"#,##0")&")",""))
A24: =마스터!A6 -> 2 | B24: =마스터!B6 -> 아트지 | C24: =마스터!C6 -> 40*20 | D24: =마스터!P6 -> 2750 | E24: =IF(ISNUMBER(D24),ROUNDDOWN(D24*(1+$F$18),-1),"") -> 1370 | F24: =IF(ISNUMBER(D24),ROUNDDOWN(D24*(1+$F$19),-1),"") -> 5500 | G24: =SUMPRODUCT(--(LEN(J24:AF24)>0)) -> 4 | H24: =IF(G24>0,_xlfn.TEXTJOIN(", ",TRUE(),J24:AF24),IF(ISNUMBER(D24),"옵션 가능한 사이즈 없음","가격 미정 — 판매가 입력 필요")) -> 60*40(+2,180), 50*30(+1,650), 35*20(+0), 50*50 | K24: =IF(OR(NOT(ISNUMBER($E24)),NOT(ISNUMBER(마스터!$P$14))),"",IF(AND(마스터!$P$14>=$E24,마스터!$P$14<=$F24,OR($F$20=0,마스터!$G$14>0)),마스터!$C$14&"("&IF(마스터!$P$14-$D24>=0,"+","")&TEXT(마스터!$P$14-$D24,"#,##0")&")","")) | L24: =IF(OR(NOT(ISNUMBER($E24)),NOT(ISNUMBER(마스터!$P$9))),"",IF(AND(마스터!$P$9>=$E24,마스터!$P$9<=$F24,OR($F$20=0,마스터!$G$9>0)),마스터!$C$9&"("&IF(마스터!$P$9-$D24>=0,"+","")&TEXT(마스터!$P$9-$D24,"#,##0")&")","")) -> 60*40(+2,180) | M24: =IF(OR(NOT(ISNUMBER($E24)),NOT(ISNUMBER(마스터!$P$12))),"",IF(AND(마스터!$P$12>=$E24,마스터!$P$12<=$F24,OR($F$20=0,마스터!$G$12>0)),마스터!$C$12&"("&IF(마스터!$P$12-$D24>=0,"+","")&TEXT(마스터!$P$12-$D24,"#,##0")&")","")) | N24: =IF(OR(NOT(ISNUMBER($E24)),NOT(ISNUMBER(마스터!$P$7))),"",IF(AND(마스터!$P$7>=$E24,마스터!$P$7<=$F24,OR($F$20=0,마스터!$G$7>0)),마스터!$C$7&"("&IF(마스터!$P$7-$D24>=0,"+","")&TEXT(마스터!$P$7-$D24,"#,##0")&")","")) -> 50*30(+1,650) | O24: =IF(OR(NOT(ISNUMBER($E24)),NOT(ISNUMBER(마스터!$P$5))),"",IF(AND(마스터!$P$5>=$E24,마스터!$P$5<=$F24,OR($F$20=0,마스터!$G$5>0)),마스터!$C$5&"("&IF(마스터!$P$5-$D24>=0,"+","")&TEXT(마스터!$P$5-$D24,"#,##0")&")","")) -> 35*20(+0) | P24: =IF(OR(NOT(ISNUMBER($E24)),NOT(ISNUMBER(마스터!$P$11))),"",IF(AND(마스터!$P$11>=$E24,마스터!$P$11<=$F24,OR($F$20=0,마스터!$G$11>0)),마스터!$C$11&"("&IF(마스터!$P$11-$D24>=0,"+","")&TEXT(마스터!$P$11-$D24,"#,##0")&")","")) | R24: =IF(OR(NOT(ISNUMBER($E24)),NOT(ISNUMBER(마스터!$P$10))),"",IF(AND(마스터!$P$10>=$E24,마스터!$P$10<=$F24,OR($F$20=0,마스터!$G$10>0)),마스터!$C$10&"("&IF(마스터!$P$10-$D24>=0,"+","")&TEXT(마스터!$P$10-$D24,"#,##0")&")","")) | S24: =IF(OR(NOT(ISNUMBER($E24)),NOT(ISNUMBER(마스터!$P$13))),"",IF(AND(마스터!$P$13>=$E24,마스터!$P$13<=$F24,OR($F$20=0,마스터!$G$13>0)),마스터!$C$13&"("&IF(마스터!$P$13-$D24>=0,"+","")&TEXT(마스터!$P$13-$D24,"#,##0")&")","")) | AB24: =마스터!C8 -> 50*50
A25: =마스터!A7 -> 3 | B25: =마스터!B7 -> 아트지 | C25: =마스터!C7 -> 50*30 | D25: =마스터!P7 -> 4400 | E25: =IF(ISNUMBER(D25),ROUNDDOWN(D25*(1+$F$18),-1),"") -> 2200 | F25: =IF(ISNUMBER(D25),ROUNDDOWN(D25*(1+$F$19),-1),"") -> 8800 | G25: =SUMPRODUCT(--(LEN(J25:AF25)>0)) -> 6 | H25: =IF(G25>0,_xlfn.TEXTJOIN(", ",TRUE(),J25:AF25),IF(ISNUMBER(D25),"옵션 가능한 사이즈 없음","가격 미정 — 판매가 입력 필요")) -> 100*100(+3,300), 60*40(+530), 100*60(+2,750), 35*20(-1,650), 80*60(+2,750), 40*20(-1,650) | K25: =IF(OR(NOT(ISNUMBER($E25)),NOT(ISNUMBER(마스터!$P$14))),"",IF(AND(마스터!$P$14>=$E25,마스터!$P$14<=$F25,OR($F$20=0,마스터!$G$14>0)),마스터!$C$14&"("&IF(마스터!$P$14-$D25>=0,"+","")&TEXT(마스터!$P$14-$D25,"#,##0")&")","")) -> 100*100(+3,300) | L25: =IF(OR(NOT(ISNUMBER($E25)),NOT(ISNUMBER(마스터!$P$9))),"",IF(AND(마스터!$P$9>=$E25,마스터!$P$9<=$F25,OR($F$20=0,마스터!$G$9>0)),마스터!$C$9&"("&IF(마스터!$P$9-$D25>=0,"+","")&TEXT(마스터!$P$9-$D25,"#,##0")&")","")) -> 60*40(+530) | M25: =IF(OR(NOT(ISNUMBER($E25)),NOT(ISNUMBER(마스터!$P$12))),"",IF(AND(마스터!$P$12>=$E25,마스터!$P$12<=$F25,OR($F$20=0,마스터!$G$12>0)),마스터!$C$12&"("&IF(마스터!$P$12-$D25>=0,"+","")&TEXT(마스터!$P$12-$D25,"#,##0")&")","")) -> 100*60(+2,750) | O25: =IF(OR(NOT(ISNUMBER($E25)),NOT(ISNUMBER(마스터!$P$5))),"",IF(AND(마스터!$P$5>=$E25,마스터!$P$5<=$F25,OR($F$20=0,마스터!$G$5>0)),마스터!$C$5&"("&IF(마스터!$P$5-$D25>=0,"+","")&TEXT(마스터!$P$5-$D25,"#,##0")&")","")) -> 35*20(-1,650) | P25: =IF(OR(NOT(ISNUMBER($E25)),NOT(ISNUMBER(마스터!$P$11))),"",IF(AND(마스터!$P$11>=$E25,마스터!$P$11<=$F25,OR($F$20=0,마스터!$G$11>0)),마스터!$C$11&"("&IF(마스터!$P$11-$D25>=0,"+","")&TEXT(마스터!$P$11-$D25,"#,##0")&")","")) -> 80*60(+2,750) | Q25: =IF(OR(NOT(ISNUMBER($E25)),NOT(ISNUMBER(마스터!$P$6))),"",IF(AND(마스터!$P$6>=$E25,마스터!$P$6<=$F25,OR($F$20=0,마스터!$G$6>0)),마스터!$C$6&"("&IF(마스터!$P$6-$D25>=0,"+","")&TEXT(마스터!$P$6-$D25,"#,##0")&")","")) -> 40*20(-1,650) | R25: =IF(OR(NOT(ISNUMBER($E25)),NOT(ISNUMBER(마스터!$P$10))),"",IF(AND(마스터!$P$10>=$E25,마스터!$P$10<=$F25,OR($F$20=0,마스터!$G$10>0)),마스터!$C$10&"("&IF(마스터!$P$10-$D25>=0,"+","")&TEXT(마스터!$P$10-$D25,"#,##0")&")","")) | S25: =IF(OR(NOT(ISNUMBER($E25)),NOT(ISNUMBER(마스터!$P$13))),"",IF(AND(마스터!$P$13>=$E25,마스터!$P$13<=$F25,OR($F$20=0,마스터!$G$13>0)),마스터!$C$13&"("&IF(마스터!$P$13-$D25>=0,"+","")&TEXT(마스터!$P$13-$D25,"#,##0")&")",""))
A26: =마스터!A8 -> 4 | B26: =마스터!B8 -> 아트지 | C26: =마스터!C8 -> 50*50 | D26: =마스터!P8 -> 3850 | E26: =IF(ISNUMBER(D26),ROUNDDOWN(D26*(1+$F$18),-1),"") -> 1920 | F26: =IF(ISNUMBER(D26),ROUNDDOWN(D26*(1+$F$19),-1),"") -> 7700 | G26: =SUMPRODUCT(--(LEN(J26:AF26)>0)) -> 7 | H26: =IF(G26>0,_xlfn.TEXTJOIN(", ",TRUE(),J26:AF26),IF(ISNUMBER(D26),"옵션 가능한 사이즈 없음","가격 미정 — 판매가 입력 필요")) -> 100*100(+3,850), 60*40(+1,080), 100*60(+3,300), 50*30(+550), 35*20(-1,100), 80*60(+3,300), 40*20(-1,100) | K26: =IF(OR(NOT(ISNUMBER($E26)),NOT(ISNUMBER(마스터!$P$14))),"",IF(AND(마스터!$P$14>=$E26,마스터!$P$14<=$F26,OR($F$20=0,마스터!$G$14>0)),마스터!$C$14&"("&IF(마스터!$P$14-$D26>=0,"+","")&TEXT(마스터!$P$14-$D26,"#,##0")&")","")) -> 100*100(+3,850) | L26: =IF(OR(NOT(ISNUMBER($E26)),NOT(ISNUMBER(마스터!$P$9))),"",IF(AND(마스터!$P$9>=$E26,마스터!$P$9<=$F26,OR($F$20=0,마스터!$G$9>0)),마스터!$C$9&"("&IF(마스터!$P$9-$D26>=0,"+","")&TEXT(마스터!$P$9-$D26,"#,##0")&")","")) -> 60*40(+1,080) | M26: =IF(OR(NOT(ISNUMBER($E26)),NOT(ISNUMBER(마스터!$P$12))),"",IF(AND(마스터!$P$12>=$E26,마스터!$P$12<=$F26,OR($F$20=0,마스터!$G$12>0)),마스터!$C$12&"("&IF(마스터!$P$12-$D26>=0,"+","")&TEXT(마스터!$P$12-$D26,"#,##0")&")","")) -> 100*60(+3,300) | N26: =IF(OR(NOT(ISNUMBER($E26)),NOT(ISNUMBER(마스터!$P$7))),"",IF(AND(마스터!$P$7>=$E26,마스터!$P$7<=$F26,OR($F$20=0,마스터!$G$7>0)),마스터!$C$7&"("&IF(마스터!$P$7-$D26>=0,"+","")&TEXT(마스터!$P$7-$D26,"#,##0")&")","")) -> 50*30(+550) | O26: =IF(OR(NOT(ISNUMBER($E26)),NOT(ISNUMBER(마스터!$P$5))),"",IF(AND(마스터!$P$5>=$E26,마스터!$P$5<=$F26,OR($F$20=0,마스터!$G$5>0)),마스터!$C$5&"("&IF(마스터!$P$5-$D26>=0,"+","")&TEXT(마스터!$P$5-$D26,"#,##0")&")","")) -> 35*20(-1,100) | P26: =IF(OR(NOT(ISNUMBER($E26)),NOT(ISNUMBER(마스터!$P$11))),"",IF(AND(마스터!$P$11>=$E26,마스터!$P$11<=$F26,OR($F$20=0,마스터!$G$11>0)),마스터!$C$11&"("&IF(마스터!$P$11-$D26>=0,"+","")&TEXT(마스터!$P$11-$D26,"#,##0")&")","")) -> 80*60(+3,300) | Q26: =IF(OR(NOT(ISNUMBER($E26)),NOT(ISNUMBER(마스터!$P$6))),"",IF(AND(마스터!$P$6>=$E26,마스터!$P$6<=$F26,OR($F$20=0,마스터!$G$6>0)),마스터!$C$6&"("&IF(마스터!$P$6-$D26>=0,"+","")&TEXT(마스터!$P$6-$D26,"#,##0")&")","")) -> 40*20(-1,100) | R26: =IF(OR(NOT(ISNUMBER($E26)),NOT(ISNUMBER(마스터!$P$10))),"",IF(AND(마스터!$P$10>=$E26,마스터!$P$10<=$F26,OR($F$20=0,마스터!$G$10>0)),마스터!$C$10&"("&IF(마스터!$P$10-$D26>=0,"+","")&TEXT(마스터!$P$10-$D26,"#,##0")&")","")) | S26: =IF(OR(NOT(ISNUMBER($E26)),NOT(ISNUMBER(마스터!$P$13))),"",IF(AND(마스터!$P$13>=$E26,마스터!$P$13<=$F26,OR($F$20=0,마스터!$G$13>0)),마스터!$C$13&"("&IF(마스터!$P$13-$D26>=0,"+","")&TEXT(마스터!$P$13-$D26,"#,##0")&")",""))
A27: =마스터!A9 -> 5 | B27: =마스터!B9 -> 아트지 | C27: =마스터!C9 -> 60*40 | D27: =마스터!P9 -> 4930 | E27: =IF(ISNUMBER(D27),ROUNDDOWN(D27*(1+$F$18),-1),"") -> 2460 | F27: =IF(ISNUMBER(D27),ROUNDDOWN(D27*(1+$F$19),-1),"") -> 9860 | G27: =SUMPRODUCT(--(LEN(J27:AF27)>0)) -> 6 | H27: =IF(G27>0,_xlfn.TEXTJOIN(", ",TRUE(),J27:AF27),IF(ISNUMBER(D27),"옵션 가능한 사이즈 없음","가격 미정 — 판매가 입력 필요")) -> 100*100(+2,770), 100*60(+2,220), 50*30(-530), 35*20(-2,180), 80*60(+2,220), 40*20(-2,180) | K27: =IF(OR(NOT(ISNUMBER($E27)),NOT(ISNUMBER(마스터!$P$14))),"",IF(AND(마스터!$P$14>=$E27,마스터!$P$14<=$F27,OR($F$20=0,마스터!$G$14>0)),마스터!$C$14&"("&IF(마스터!$P$14-$D27>=0,"+","")&TEXT(마스터!$P$14-$D27,"#,##0")&")","")) -> 100*100(+2,770) | M27: =IF(OR(NOT(ISNUMBER($E27)),NOT(ISNUMBER(마스터!$P$12))),"",IF(AND(마스터!$P$12>=$E27,마스터!$P$12<=$F27,OR($F$20=0,마스터!$G$12>0)),마스터!$C$12&"("&IF(마스터!$P$12-$D27>=0,"+","")&TEXT(마스터!$P$12-$D27,"#,##0")&")","")) -> 100*60(+2,220) | N27: =IF(OR(NOT(ISNUMBER($E27)),NOT(ISNUMBER(마스터!$P$7))),"",IF(AND(마스터!$P$7>=$E27,마스터!$P$7<=$F27,OR($F$20=0,마스터!$G$7>0)),마스터!$C$7&"("&IF(마스터!$P$7-$D27>=0,"+","")&TEXT(마스터!$P$7-$D27,"#,##0")&")","")) -> 50*30(-530) | O27: =IF(OR(NOT(ISNUMBER($E27)),NOT(ISNUMBER(마스터!$P$5))),"",IF(AND(마스터!$P$5>=$E27,마스터!$P$5<=$F27,OR($F$20=0,마스터!$G$5>0)),마스터!$C$5&"("&IF(마스터!$P$5-$D27>=0,"+","")&TEXT(마스터!$P$5-$D27,"#,##0")&")","")) -> 35*20(-2,180) | P27: =IF(OR(NOT(ISNUMBER($E27)),NOT(ISNUMBER(마스터!$P$11))),"",IF(AND(마스터!$P$11>=$E27,마스터!$P$11<=$F27,OR($F$20=0,마스터!$G$11>0)),마스터!$C$11&"("&IF(마스터!$P$11-$D27>=0,"+","")&TEXT(마스터!$P$11-$D27,"#,##0")&")","")) -> 80*60(+2,220) | Q27: =IF(OR(NOT(ISNUMBER($E27)),NOT(ISNUMBER(마스터!$P$6))),"",IF(AND(마스터!$P$6>=$E27,마스터!$P$6<=$F27,OR($F$20=0,마스터!$G$6>0)),마스터!$C$6&"("&IF(마스터!$P$6-$D27>=0,"+","")&TEXT(마스터!$P$6-$D27,"#,##0")&")","")) -> 40*20(-2,180) | R27: =IF(OR(NOT(ISNUMBER($E27)),NOT(ISNUMBER(마스터!$P$10))),"",IF(AND(마스터!$P$10>=$E27,마스터!$P$10<=$F27,OR($F$20=0,마스터!$G$10>0)),마스터!$C$10&"("&IF(마스터!$P$10-$D27>=0,"+","")&TEXT(마스터!$P$10-$D27,"#,##0")&")","")) | S27: =IF(OR(NOT(ISNUMBER($E27)),NOT(ISNUMBER(마스터!$P$13))),"",IF(AND(마스터!$P$13>=$E27,마스터!$P$13<=$F27,OR($F$20=0,마스터!$G$13>0)),마스터!$C$13&"("&IF(마스터!$P$13-$D27>=0,"+","")&TEXT(마스터!$P$13-$D27,"#,##0")&")",""))
A28: =마스터!A10 -> 6 | B28: =마스터!B10 -> 아트지/품절 | C28: =마스터!C10 -> 70*40 | D28: =마스터!P10 | E28: =IF(ISNUMBER(D28),ROUNDDOWN(D28*(1+$F$18),-1),"") | F28: =IF(ISNUMBER(D28),ROUNDDOWN(D28*(1+$F$19),-1),"") | G28: =SUMPRODUCT(--(LEN(J28:AF28)>0)) -> 0 | H28: 품절 | K28: =IF(OR(NOT(ISNUMBER($E28)),NOT(ISNUMBER(마스터!$P$14))),"",IF(AND(마스터!$P$14>=$E28,마스터!$P$14<=$F28,OR($F$20=0,마스터!$G$14>0)),마스터!$C$14&"("&IF(마스터!$P$14-$D28>=0,"+","")&TEXT(마스터!$P$14-$D28,"#,##0")&")","")) | L28: =IF(OR(NOT(ISNUMBER($E28)),NOT(ISNUMBER(마스터!$P$9))),"",IF(AND(마스터!$P$9>=$E28,마스터!$P$9<=$F28,OR($F$20=0,마스터!$G$9>0)),마스터!$C$9&"("&IF(마스터!$P$9-$D28>=0,"+","")&TEXT(마스터!$P$9-$D28,"#,##0")&")","")) | M28: =IF(OR(NOT(ISNUMBER($E28)),NOT(ISNUMBER(마스터!$P$12))),"",IF(AND(마스터!$P$12>=$E28,마스터!$P$12<=$F28,OR($F$20=0,마스터!$G$12>0)),마스터!$C$12&"("&IF(마스터!$P$12-$D28>=0,"+","")&TEXT(마스터!$P$12-$D28,"#,##0")&")","")) | N28: =IF(OR(NOT(ISNUMBER($E28)),NOT(ISNUMBER(마스터!$P$7))),"",IF(AND(마스터!$P$7>=$E28,마스터!$P$7<=$F28,OR($F$20=0,마스터!$G$7>0)),마스터!$C$7&"("&IF(마스터!$P$7-$D28>=0,"+","")&TEXT(마스터!$P$7-$D28,"#,##0")&")","")) | O28: =IF(OR(NOT(ISNUMBER($E28)),NOT(ISNUMBER(마스터!$P$5))),"",IF(AND(마스터!$P$5>=$E28,마스터!$P$5<=$F28,OR($F$20=0,마스터!$G$5>0)),마스터!$C$5&"("&IF(마스터!$P$5-$D28>=0,"+","")&TEXT(마스터!$P$5-$D28,"#,##0")&")","")) | P28: =IF(OR(NOT(ISNUMBER($E28)),NOT(ISNUMBER(마스터!$P$11))),"",IF(AND(마스터!$P$11>=$E28,마스터!$P$11<=$F28,OR($F$20=0,마스터!$G$11>0)),마스터!$C$11&"("&IF(마스터!$P$11-$D28>=0,"+","")&TEXT(마스터!$P$11-$D28,"#,##0")&")","")) | Q28: =IF(OR(NOT(ISNUMBER($E28)),NOT(ISNUMBER(마스터!$P$6))),"",IF(AND(마스터!$P$6>=$E28,마스터!$P$6<=$F28,OR($F$20=0,마스터!$G$6>0)),마스터!$C$6&"("&IF(마스터!$P$6-$D28>=0,"+","")&TEXT(마스터!$P$6-$D28,"#,##0")&")","")) | S28: =IF(OR(NOT(ISNUMBER($E28)),NOT(ISNUMBER(마스터!$P$13))),"",IF(AND(마스터!$P$13>=$E28,마스터!$P$13<=$F28,OR($F$20=0,마스터!$G$13>0)),마스터!$C$13&"("&IF(마스터!$P$13-$D28>=0,"+","")&TEXT(마스터!$P$13-$D28,"#,##0")&")",""))
A29: =마스터!A11 -> 7 | B29: =마스터!B11 -> 아트지 | C29: =마스터!C11 -> 80*60 | D29: =마스터!P11 -> 7150 | E29: =IF(ISNUMBER(D29),ROUNDDOWN(D29*(1+$F$18),-1),"") -> 3570 | F29: =IF(ISNUMBER(D29),ROUNDDOWN(D29*(1+$F$19),-1),"") -> 14300 | G29: =SUMPRODUCT(--(LEN(J29:AF29)>0)) -> 5 | H29: =IF(G29>0,_xlfn.TEXTJOIN(", ",TRUE(),J29:AF29),IF(ISNUMBER(D29),"옵션 가능한 사이즈 없음","가격 미정 — 판매가 입력 필요")) -> 100*100(+550), 60*40(-2,220), 100*60(+0), 50*30(-2,750), 100*70(+3,610) | K29: =IF(OR(NOT(ISNUMBER($E29)),NOT(ISNUMBER(마스터!$P$14))),"",IF(AND(마스터!$P$14>=$E29,마스터!$P$14<=$F29,OR($F$20=0,마스터!$G$14>0)),마스터!$C$14&"("&IF(마스터!$P$14-$D29>=0,"+","")&TEXT(마스터!$P$14-$D29,"#,##0")&")","")) -> 100*100(+550) | L29: =IF(OR(NOT(ISNUMBER($E29)),NOT(ISNUMBER(마스터!$P$9))),"",IF(AND(마스터!$P$9>=$E29,마스터!$P$9<=$F29,OR($F$20=0,마스터!$G$9>0)),마스터!$C$9&"("&IF(마스터!$P$9-$D29>=0,"+","")&TEXT(마스터!$P$9-$D29,"#,##0")&")","")) -> 60*40(-2,220) | M29: =IF(OR(NOT(ISNUMBER($E29)),NOT(ISNUMBER(마스터!$P$12))),"",IF(AND(마스터!$P$12>=$E29,마스터!$P$12<=$F29,OR($F$20=0,마스터!$G$12>0)),마스터!$C$12&"("&IF(마스터!$P$12-$D29>=0,"+","")&TEXT(마스터!$P$12-$D29,"#,##0")&")","")) -> 100*60(+0) | N29: =IF(OR(NOT(ISNUMBER($E29)),NOT(ISNUMBER(마스터!$P$7))),"",IF(AND(마스터!$P$7>=$E29,마스터!$P$7<=$F29,OR($F$20=0,마스터!$G$7>0)),마스터!$C$7&"("&IF(마스터!$P$7-$D29>=0,"+","")&TEXT(마스터!$P$7-$D29,"#,##0")&")","")) -> 50*30(-2,750) | O29: =IF(OR(NOT(ISNUMBER($E29)),NOT(ISNUMBER(마스터!$P$5))),"",IF(AND(마스터!$P$5>=$E29,마스터!$P$5<=$F29,OR($F$20=0,마스터!$G$5>0)),마스터!$C$5&"("&IF(마스터!$P$5-$D29>=0,"+","")&TEXT(마스터!$P$5-$D29,"#,##0")&")","")) | Q29: =IF(OR(NOT(ISNUMBER($E29)),NOT(ISNUMBER(마스터!$P$6))),"",IF(AND(마스터!$P$6>=$E29,마스터!$P$6<=$F29,OR($F$20=0,마스터!$G$6>0)),마스터!$C$6&"("&IF(마스터!$P$6-$D29>=0,"+","")&TEXT(마스터!$P$6-$D29,"#,##0")&")","")) | R29: =IF(OR(NOT(ISNUMBER($E29)),NOT(ISNUMBER(마스터!$P$10))),"",IF(AND(마스터!$P$10>=$E29,마스터!$P$10<=$F29,OR($F$20=0,마스터!$G$10>0)),마스터!$C$10&"("&IF(마스터!$P$10-$D29>=0,"+","")&TEXT(마스터!$P$10-$D29,"#,##0")&")","")) | S29: =IF(OR(NOT(ISNUMBER($E29)),NOT(ISNUMBER(마스터!$P$13))),"",IF(AND(마스터!$P$13>=$E29,마스터!$P$13<=$F29,OR($F$20=0,마스터!$G$13>0)),마스터!$C$13&"("&IF(마스터!$P$13-$D29>=0,"+","")&TEXT(마스터!$P$13-$D29,"#,##0")&")","")) -> 100*70(+3,610)
A30: =마스터!A12 -> 8 | B30: =마스터!B12 -> 아트지 | C30: =마스터!C12 -> 100*60 | D30: =마스터!P12 -> 7150 | E30: =IF(ISNUMBER(D30),ROUNDDOWN(D30*(1+$F$18),-1),"") -> 3570 | F30: =IF(ISNUMBER(D30),ROUNDDOWN(D30*(1+$F$19),-1),"") -> 14300 | G30: =SUMPRODUCT(--(LEN(J30:AF30)>0)) -> 5 | H30: =IF(G30>0,_xlfn.TEXTJOIN(", ",TRUE(),J30:AF30),IF(ISNUMBER(D30),"옵션 가능한 사이즈 없음","가격 미정 — 판매가 입력 필요")) -> 100*100(+550), 60*40(-2,220), 50*30(-2,750), 80*60(+0), 100*70(+3,610) | K30: =IF(OR(NOT(ISNUMBER($E30)),NOT(ISNUMBER(마스터!$P$14))),"",IF(AND(마스터!$P$14>=$E30,마스터!$P$14<=$F30,OR($F$20=0,마스터!$G$14>0)),마스터!$C$14&"("&IF(마스터!$P$14-$D30>=0,"+","")&TEXT(마스터!$P$14-$D30,"#,##0")&")","")) -> 100*100(+550) | L30: =IF(OR(NOT(ISNUMBER($E30)),NOT(ISNUMBER(마스터!$P$9))),"",IF(AND(마스터!$P$9>=$E30,마스터!$P$9<=$F30,OR($F$20=0,마스터!$G$9>0)),마스터!$C$9&"("&IF(마스터!$P$9-$D30>=0,"+","")&TEXT(마스터!$P$9-$D30,"#,##0")&")","")) -> 60*40(-2,220) | N30: =IF(OR(NOT(ISNUMBER($E30)),NOT(ISNUMBER(마스터!$P$7))),"",IF(AND(마스터!$P$7>=$E30,마스터!$P$7<=$F30,OR($F$20=0,마스터!$G$7>0)),마스터!$C$7&"("&IF(마스터!$P$7-$D30>=0,"+","")&TEXT(마스터!$P$7-$D30,"#,##0")&")","")) -> 50*30(-2,750) | O30: =IF(OR(NOT(ISNUMBER($E30)),NOT(ISNUMBER(마스터!$P$5))),"",IF(AND(마스터!$P$5>=$E30,마스터!$P$5<=$F30,OR($F$20=0,마스터!$G$5>0)),마스터!$C$5&"("&IF(마스터!$P$5-$D30>=0,"+","")&TEXT(마스터!$P$5-$D30,"#,##0")&")","")) | P30: =IF(OR(NOT(ISNUMBER($E30)),NOT(ISNUMBER(마스터!$P$11))),"",IF(AND(마스터!$P$11>=$E30,마스터!$P$11<=$F30,OR($F$20=0,마스터!$G$11>0)),마스터!$C$11&"("&IF(마스터!$P$11-$D30>=0,"+","")&TEXT(마스터!$P$11-$D30,"#,##0")&")","")) -> 80*60(+0) | Q30: =IF(OR(NOT(ISNUMBER($E30)),NOT(ISNUMBER(마스터!$P$6))),"",IF(AND(마스터!$P$6>=$E30,마스터!$P$6<=$F30,OR($F$20=0,마스터!$G$6>0)),마스터!$C$6&"("&IF(마스터!$P$6-$D30>=0,"+","")&TEXT(마스터!$P$6-$D30,"#,##0")&")","")) | R30: =IF(OR(NOT(ISNUMBER($E30)),NOT(ISNUMBER(마스터!$P$10))),"",IF(AND(마스터!$P$10>=$E30,마스터!$P$10<=$F30,OR($F$20=0,마스터!$G$10>0)),마스터!$C$10&"("&IF(마스터!$P$10-$D30>=0,"+","")&TEXT(마스터!$P$10-$D30,"#,##0")&")","")) | S30: =IF(OR(NOT(ISNUMBER($E30)),NOT(ISNUMBER(마스터!$P$13))),"",IF(AND(마스터!$P$13>=$E30,마스터!$P$13<=$F30,OR($F$20=0,마스터!$G$13>0)),마스터!$C$13&"("&IF(마스터!$P$13-$D30>=0,"+","")&TEXT(마스터!$P$13-$D30,"#,##0")&")","")) -> 100*70(+3,610)
A31: =마스터!A13 -> 9 | B31: =마스터!B13 -> 아트지 | C31: =마스터!C13 -> 100*70 | D31: =마스터!P13 -> 10760 | E31: =IF(ISNUMBER(D31),ROUNDDOWN(D31*(1+$F$18),-1),"") -> 5380 | F31: =IF(ISNUMBER(D31),ROUNDDOWN(D31*(1+$F$19),-1),"") -> 21520 | G31: =SUMPRODUCT(--(LEN(J31:AF31)>0)) -> 3 | H31: =IF(G31>0,_xlfn.TEXTJOIN(", ",TRUE(),J31:AF31),IF(ISNUMBER(D31),"옵션 가능한 사이즈 없음","가격 미정 — 판매가 입력 필요")) -> 100*100(-3,060), 100*60(-3,610), 80*60(-3,610) | J31: =IF(OR(NOT(ISNUMBER($E31)),NOT(ISNUMBER(마스터!$P$8))),"",IF(AND(마스터!$P$8>=$E31,마스터!$P$8<=$F31,OR($F$20=0,마스터!$G$8>0)),마스터!$C$8&"("&IF(마스터!$P$8-$D31>=0,"+","")&TEXT(마스터!$P$8-$D31,"#,##0")&")","")) | K31: =IF(OR(NOT(ISNUMBER($E31)),NOT(ISNUMBER(마스터!$P$14))),"",IF(AND(마스터!$P$14>=$E31,마스터!$P$14<=$F31,OR($F$20=0,마스터!$G$14>0)),마스터!$C$14&"("&IF(마스터!$P$14-$D31>=0,"+","")&TEXT(마스터!$P$14-$D31,"#,##0")&")","")) -> 100*100(-3,060) | L31: =IF(OR(NOT(ISNUMBER($E31)),NOT(ISNUMBER(마스터!$P$9))),"",IF(AND(마스터!$P$9>=$E31,마스터!$P$9<=$F31,OR($F$20=0,마스터!$G$9>0)),마스터!$C$9&"("&IF(마스터!$P$9-$D31>=0,"+","")&TEXT(마스터!$P$9-$D31,"#,##0")&")","")) | M31: =IF(OR(NOT(ISNUMBER($E31)),NOT(ISNUMBER(마스터!$P$12))),"",IF(AND(마스터!$P$12>=$E31,마스터!$P$12<=$F31,OR($F$20=0,마스터!$G$12>0)),마스터!$C$12&"("&IF(마스터!$P$12-$D31>=0,"+","")&TEXT(마스터!$P$12-$D31,"#,##0")&")","")) -> 100*60(-3,610) | N31: =IF(OR(NOT(ISNUMBER($E31)),NOT(ISNUMBER(마스터!$P$7))),"",IF(AND(마스터!$P$7>=$E31,마스터!$P$7<=$F31,OR($F$20=0,마스터!$G$7>0)),마스터!$C$7&"("&IF(마스터!$P$7-$D31>=0,"+","")&TEXT(마스터!$P$7-$D31,"#,##0")&")","")) | O31: =IF(OR(NOT(ISNUMBER($E31)),NOT(ISNUMBER(마스터!$P$5))),"",IF(AND(마스터!$P$5>=$E31,마스터!$P$5<=$F31,OR($F$20=0,마스터!$G$5>0)),마스터!$C$5&"("&IF(마스터!$P$5-$D31>=0,"+","")&TEXT(마스터!$P$5-$D31,"#,##0")&")","")) | P31: =IF(OR(NOT(ISNUMBER($E31)),NOT(ISNUMBER(마스터!$P$11))),"",IF(AND(마스터!$P$11>=$E31,마스터!$P$11<=$F31,OR($F$20=0,마스터!$G$11>0)),마스터!$C$11&"("&IF(마스터!$P$11-$D31>=0,"+","")&TEXT(마스터!$P$11-$D31,"#,##0")&")","")) -> 80*60(-3,610) | Q31: =IF(OR(NOT(ISNUMBER($E31)),NOT(ISNUMBER(마스터!$P$6))),"",IF(AND(마스터!$P$6>=$E31,마스터!$P$6<=$F31,OR($F$20=0,마스터!$G$6>0)),마스터!$C$6&"("&IF(마스터!$P$6-$D31>=0,"+","")&TEXT(마스터!$P$6-$D31,"#,##0")&")","")) | R31: =IF(OR(NOT(ISNUMBER($E31)),NOT(ISNUMBER(마스터!$P$10))),"",IF(AND(마스터!$P$10>=$E31,마스터!$P$10<=$F31,OR($F$20=0,마스터!$G$10>0)),마스터!$C$10&"("&IF(마스터!$P$10-$D31>=0,"+","")&TEXT(마스터!$P$10-$D31,"#,##0")&")",""))
A32: =마스터!A14 -> 10 | B32: =마스터!B14 -> 아트지 | C32: =마스터!C14 -> 100*100 | D32: =마스터!P14 -> 7700 | E32: =IF(ISNUMBER(D32),ROUNDDOWN(D32*(1+$F$18),-1),"") -> 3850 | F32: =IF(ISNUMBER(D32),ROUNDDOWN(D32*(1+$F$19),-1),"") -> 15400 | G32: =SUMPRODUCT(--(LEN(J32:AF32)>0)) -> 6 | H32: =IF(G32>0,_xlfn.TEXTJOIN(", ",TRUE(),J32:AF32),IF(ISNUMBER(D32),"옵션 가능한 사이즈 없음","가격 미정 — 판매가 입력 필요")) -> 60*40(-2,770), 100*60(-550), 50*30(-3,300), 80*60(-550), 100*70(+3,060), 50*50(-3,850) | L32: =IF(OR(NOT(ISNUMBER($E32)),NOT(ISNUMBER(마스터!$P$9))),"",IF(AND(마스터!$P$9>=$E32,마스터!$P$9<=$F32,OR($F$20=0,마스터!$G$9>0)),마스터!$C$9&"("&IF(마스터!$P$9-$D32>=0,"+","")&TEXT(마스터!$P$9-$D32,"#,##0")&")","")) -> 60*40(-2,770) | M32: =IF(OR(NOT(ISNUMBER($E32)),NOT(ISNUMBER(마스터!$P$12))),"",IF(AND(마스터!$P$12>=$E32,마스터!$P$12<=$F32,OR($F$20=0,마스터!$G$12>0)),마스터!$C$12&"("&IF(마스터!$P$12-$D32>=0,"+","")&TEXT(마스터!$P$12-$D32,"#,##0")&")","")) -> 100*60(-550) | N32: =IF(OR(NOT(ISNUMBER($E32)),NOT(ISNUMBER(마스터!$P$7))),"",IF(AND(마스터!$P$7>=$E32,마스터!$P$7<=$F32,OR($F$20=0,마스터!$G$7>0)),마스터!$C$7&"("&IF(마스터!$P$7-$D32>=0,"+","")&TEXT(마스터!$P$7-$D32,"#,##0")&")","")) -> 50*30(-3,300) | O32: =IF(OR(NOT(ISNUMBER($E32)),NOT(ISNUMBER(마스터!$P$5))),"",IF(AND(마스터!$P$5>=$E32,마스터!$P$5<=$F32,OR($F$20=0,마스터!$G$5>0)),마스터!$C$5&"("&IF(마스터!$P$5-$D32>=0,"+","")&TEXT(마스터!$P$5-$D32,"#,##0")&")","")) | P32: =IF(OR(NOT(ISNUMBER($E32)),NOT(ISNUMBER(마스터!$P$11))),"",IF(AND(마스터!$P$11>=$E32,마스터!$P$11<=$F32,OR($F$20=0,마스터!$G$11>0)),마스터!$C$11&"("&IF(마스터!$P$11-$D32>=0,"+","")&TEXT(마스터!$P$11-$D32,"#,##0")&")","")) -> 80*60(-550) | Q32: =IF(OR(NOT(ISNUMBER($E32)),NOT(ISNUMBER(마스터!$P$6))),"",IF(AND(마스터!$P$6>=$E32,마스터!$P$6<=$F32,OR($F$20=0,마스터!$G$6>0)),마스터!$C$6&"("&IF(마스터!$P$6-$D32>=0,"+","")&TEXT(마스터!$P$6-$D32,"#,##0")&")","")) | R32: =IF(OR(NOT(ISNUMBER($E32)),NOT(ISNUMBER(마스터!$P$10))),"",IF(AND(마스터!$P$10>=$E32,마스터!$P$10<=$F32,OR($F$20=0,마스터!$G$10>0)),마스터!$C$10&"("&IF(마스터!$P$10-$D32>=0,"+","")&TEXT(마스터!$P$10-$D32,"#,##0")&")","")) | S32: =IF(OR(NOT(ISNUMBER($E32)),NOT(ISNUMBER(마스터!$P$13))),"",IF(AND(마스터!$P$13>=$E32,마스터!$P$13<=$F32,OR($F$20=0,마스터!$G$13>0)),마스터!$C$13&"("&IF(마스터!$P$13-$D32>=0,"+","")&TEXT(마스터!$P$13-$D32,"#,##0")&")","")) -> 100*70(+3,060) | AB32: =IF(OR(NOT(ISNUMBER($E32)),NOT(ISNUMBER(마스터!$P$8))),"",IF(AND(마스터!$P$8>=$E32,마스터!$P$8<=$F32,OR($F$20=0,마스터!$G$8>0)),마스터!$C$8&"("&IF(마스터!$P$8-$D32>=0,"+","")&TEXT(마스터!$P$8-$D32,"#,##0")&")","")) -> 50*50(-3,850)
AB33: =IF(OR(NOT(ISNUMBER($E27)),NOT(ISNUMBER(마스터!$P$8))),"",IF(AND(마스터!$P$8>=$E27,마스터!$P$8<=$F27,OR($F$20=0,마스터!$G$8>0)),마스터!$C$8&"("&IF(마스터!$P$8-$D27>=0,"+","")&TEXT(마스터!$P$8-$D27,"#,##0")&")","")) -> 50*50(-1,080)
AB34: =IF(OR(NOT(ISNUMBER($E30)),NOT(ISNUMBER(마스터!$P$8))),"",IF(AND(마스터!$P$8>=$E30,마스터!$P$8<=$F30,OR($F$20=0,마스터!$G$8>0)),마스터!$C$8&"("&IF(마스터!$P$8-$D30>=0,"+","")&TEXT(마스터!$P$8-$D30,"#,##0")&")","")) -> 50*50(-3,300)
AB35: =IF(OR(NOT(ISNUMBER($E25)),NOT(ISNUMBER(마스터!$P$8))),"",IF(AND(마스터!$P$8>=$E25,마스터!$P$8<=$F25,OR($F$20=0,마스터!$G$8>0)),마스터!$C$8&"("&IF(마스터!$P$8-$D25>=0,"+","")&TEXT(마스터!$P$8-$D25,"#,##0")&")","")) -> 50*50(-550)
AB36: =IF(OR(NOT(ISNUMBER($E28)),NOT(ISNUMBER(마스터!$P$8))),"",IF(AND(마스터!$P$8>=$E28,마스터!$P$8<=$F28,OR($F$20=0,마스터!$G$8>0)),마스터!$C$8&"("&IF(마스터!$P$8-$D28>=0,"+","")&TEXT(마스터!$P$8-$D28,"#,##0")&")",""))
AB37: =IF(OR(NOT(ISNUMBER($E29)),NOT(ISNUMBER(마스터!$P$8))),"",IF(AND(마스터!$P$8>=$E29,마스터!$P$8<=$F29,OR($F$20=0,마스터!$G$8>0)),마스터!$C$8&"("&IF(마스터!$P$8-$D29>=0,"+","")&TEXT(마스터!$P$8-$D29,"#,##0")&")","")) -> 50*50(-3,300)
AB38: =IF(OR(NOT(ISNUMBER($E30)),NOT(ISNUMBER(마스터!$P$8))),"",IF(AND(마스터!$P$8>=$E30,마스터!$P$8<=$F30,OR($F$20=0,마스터!$G$8>0)),마스터!$C$8&"("&IF(마스터!$P$8-$D30>=0,"+","")&TEXT(마스터!$P$8-$D30,"#,##0")&")","")) -> 50*50(-3,300)
AB39: =IF(OR(NOT(ISNUMBER($E31)),NOT(ISNUMBER(마스터!$P$8))),"",IF(AND(마스터!$P$8>=$E31,마스터!$P$8<=$F31,OR($F$20=0,마스터!$G$8>0)),마스터!$C$8&"("&IF(마스터!$P$8-$D31>=0,"+","")&TEXT(마스터!$P$8-$D31,"#,##0")&")",""))

Sheet 아트지 옵션구성
C2: 40*20 | D2: 50*50 | E2: 50*30 | F2: 60*40 | G2: 35*20 | H2: 100*60 | I2: 80*60 | J2: 100*100 | U2: 70*40 | V2: 100*40
B3: 40*20 | C3: 2750 | D3: 3850 | E3: 4400 | F3: 4930
B4: 50*50
B5: 50*30
B6: 60*40 | C6: 4930
B7: 35*20
B8: 100*60
B9: 80*60 | D9: 7150
B10: 100*100 | D10: =D3*2 -> 7700 | E10: 7980
B11: 100*70 | D11: 재고2롤
A13: 라벨별 옵션 구성 — 각 라벨을 대표가(기준)로 잡았을 때 옵션으로 함께 넣을 수 있는 사이즈 종류·개수
A14: 옵션추가금액 하한(대표가 대비) | F14: -0.5
A15: 옵션추가금액 상한(대표가 대비) | F15: 1
A16: 품절(재고 0) 사이즈 옵션 제외 (1=제외, 0=포함) | F16: 1
A18: No | B18: 재질 | C18: 규격 | D18: 대표가 (부가세 포함) | E18: 옵션가 하한 (최소 판매가) | F18: 옵션가 상한 (최대 판매가) | G18: 옵션 가능 수 (개) | H18: 옵션 종류 (옵션추가금액) | K18: 100*100 | L18: 60*40 | M18: 100*60 | N18: 50*30 | O18: 35*20 | P18: 80*60 | Q18: 40*20 | R18: 70*40 | S18: 100*70
A19: 8 | B19: 아트지 | C19: 40*20 | D19: 2750 | E19: =IF(ISNUMBER(D19),ROUNDDOWN(D19*(1+$F$14),-1),"") -> 1370 | F19: =IF(ISNUMBER(D19),ROUNDDOWN(D19*(1+$F$15),-1),"") -> 5500 | G19: =SUMPRODUCT(--(LEN(J19:AF19)>0)) -> 3 | H19: =IF(G19>0,_xlfn.TEXTJOIN(", ",TRUE(),J19:AF19),IF(ISNUMBER(D19),"옵션 가능한 사이즈 없음","가격 미정 — 판매가 입력 필요")) -> 60*40(+2,180), 50*30(+1,650), 50*50 | L19: 60*40(+2,180) | N19: 50*30(+1,650) | AB19: 50*50
A20: 1 | B20: 아트지 | C20: 50*50 | D20: 3850 | E20: =IF(ISNUMBER(D20),ROUNDDOWN(D20*(1+$F$14),-1),"") -> 1920 | F20: =IF(ISNUMBER(D20),ROUNDDOWN(D20*(1+$F$15),-1),"") -> 7700 | G20: =SUMPRODUCT(--(LEN(J20:AF20)>0)) -> 7 | H20: =IF(G20>0,_xlfn.TEXTJOIN(", ",TRUE(),J20:AF20),IF(ISNUMBER(D20),"옵션 가능한 사이즈 없음","가격 미정 — 판매가 입력 필요")) -> 100*100(+3,850), 60*40(+1,080), 100*60(+3,300), 50*30(+550), 35*20(+3,030), 80*60(+3,300), 40*20(-1,100) | K20: 100*100(+3,850) | L20: 60*40(+1,080) | M20: 100*60(+3,300) | N20: 50*30(+550) | O20: 35*20(+3,030) | P20: 80*60(+3,300) | Q20: 40*20(-1,100)
A21: 5 | B21: 아트지 | C21: 50*30 | D21: 4400 | E21: =IF(ISNUMBER(D21),ROUNDDOWN(D21*(1+$F$14),-1),"") -> 2200 | F21: =IF(ISNUMBER(D21),ROUNDDOWN(D21*(1+$F$15),-1),"") -> 8800 | G21: =SUMPRODUCT(--(LEN(J21:AF21)>0)) -> 6 | H21: =IF(G21>0,_xlfn.TEXTJOIN(", ",TRUE(),J21:AF21),IF(ISNUMBER(D21),"옵션 가능한 사이즈 없음","가격 미정 — 판매가 입력 필요")) -> 100*100(+3,300), 60*40(+530), 100*60(+2,750), 35*20(+2,480), 80*60(+2,750), 40*20(-1,650) | K21: 100*100(+3,300) | L21: 60*40(+530) | M21: 100*60(+2,750) | O21: 35*20(+2,480) | P21: 80*60(+2,750) | Q21: 40*20(-1,650)
A22: 3 | B22: 아트지 | C22: 60*40 | D22: 4930 | E22: =IF(ISNUMBER(D22),ROUNDDOWN(D22*(1+$F$14),-1),"") -> 2460 | F22: =IF(ISNUMBER(D22),ROUNDDOWN(D22*(1+$F$15),-1),"") -> 9860 | G22: =SUMPRODUCT(--(LEN(J22:AF22)>0)) -> 6 | H22: =IF(G22>0,_xlfn.TEXTJOIN(", ",TRUE(),J22:AF22),IF(ISNUMBER(D22),"옵션 가능한 사이즈 없음","가격 미정 — 판매가 입력 필요")) -> 100*100(+2,770), 100*60(+2,220), 50*30(-530), 35*20(+1,950), 80*60(+2,220), 40*20(-2,180) | K22: 100*100(+2,770) | M22: 100*60(+2,220) | N22: 50*30(-530) | O22: 35*20(+1,950) | P22: 80*60(+2,220) | Q22: 40*20(-2,180)
A23: 6 | B23: 아트지 | C23: 35*20 | D23: 6880 | E23: =IF(ISNUMBER(D23),ROUNDDOWN(D23*(1+$F$14),-1),"") -> 3440 | F23: =IF(ISNUMBER(D23),ROUNDDOWN(D23*(1+$F$15),-1),"") -> 13760 | G23: =SUMPRODUCT(--(LEN(J23:AF23)>0)) -> 6 | H23: =IF(G23>0,_xlfn.TEXTJOIN(", ",TRUE(),J23:AF23),IF(ISNUMBER(D23),"옵션 가능한 사이즈 없음","가격 미정 — 판매가 입력 필요")) -> 100*100(+820), 60*40(-1,950), 100*60(+270), 50*30(-2,480), 80*60(+270), 100*70(+3,880) | K23: 100*100(+820) | L23: 60*40(-1,950) | M23: 100*60(+270) | N23: 50*30(-2,480) | P23: 80*60(+270) | S23: 100*70(+3,880)
A24: 4 | B24: 아트지 | C24: 100*60 | D24: 7150 | E24: =IF(ISNUMBER(D24),ROUNDDOWN(D24*(1+$F$14),-1),"") -> 3570 | F24: =IF(ISNUMBER(D24),ROUNDDOWN(D24*(1+$F$15),-1),"") -> 14300 | G24: =SUMPRODUCT(--(LEN(J24:AF24)>0)) -> 6 | H24: =IF(G24>0,_xlfn.TEXTJOIN(", ",TRUE(),J24:AF24),IF(ISNUMBER(D24),"옵션 가능한 사이즈 없음","가격 미정 — 판매가 입력 필요")) -> 100*100(+550), 60*40(-2,220), 50*30(-2,750), 35*20(-270), 80*60(+0), 100*70(+3,610) | K24: 100*100(+550) | L24: 60*40(-2,220) | N24: 50*30(-2,750) | O24: 35*20(-270) | P24: 80*60(+0) | S24: 100*70(+3,610)
A25: 7 | B25: 아트지 | C25: 80*60 | D25: 7150 | E25: =IF(ISNUMBER(D25),ROUNDDOWN(D25*(1+$F$14),-1),"") -> 3570 | F25: =IF(ISNUMBER(D25),ROUNDDOWN(D25*(1+$F$15),-1),"") -> 14300 | G25: =SUMPRODUCT(--(LEN(J25:AF25)>0)) -> 6 | H25: =IF(G25>0,_xlfn.TEXTJOIN(", ",TRUE(),J25:AF25),IF(ISNUMBER(D25),"옵션 가능한 사이즈 없음","가격 미정 — 판매가 입력 필요")) -> 100*100(+550), 60*40(-2,220), 100*60(+0), 50*30(-2,750), 35*20(-270), 100*70(+3,610) | K25: 100*100(+550) | L25: 60*40(-2,220) | M25: 100*60(+0) | N25: 50*30(-2,750) | O25: 35*20(-270) | S25: 100*70(+3,610)
A26: 2 | B26: 아트지 | C26: 100*100 | D26: 7700 | E26: =IF(ISNUMBER(D26),ROUNDDOWN(D26*(1+$F$14),-1),"") -> 3850 | F26: =IF(ISNUMBER(D26),ROUNDDOWN(D26*(1+$F$15),-1),"") -> 15400 | G26: =SUMPRODUCT(--(LEN(J26:AF26)>0)) -> 6 | H26: =IF(G26>0,_xlfn.TEXTJOIN(", ",TRUE(),J26:AF26),IF(ISNUMBER(D26),"옵션 가능한 사이즈 없음","가격 미정 — 판매가 입력 필요")) -> 60*40(-2,770), 100*60(-550), 50*30(-3,300), 35*20(-820), 80*60(-550), 100*70(+3,060) | L26: 60*40(-2,770) | M26: 100*60(-550) | N26: 50*30(-3,300) | O26: 35*20(-820) | P26: 80*60(-550) | S26: 100*70(+3,060)
A27: 9 | B27: 아트지 | C27: 70*40 | E27: =IF(ISNUMBER(D27),ROUNDDOWN(D27*(1+$F$14),-1),"") | F27: =IF(ISNUMBER(D27),ROUNDDOWN(D27*(1+$F$15),-1),"") | G27: =SUMPRODUCT(--(LEN(J27:AF27)>0)) -> 0 | H27: 품절
A28: 10 | B28: 아트지 | C28: 100*70 | D28: 10760 | E28: =IF(ISNUMBER(D28),ROUNDDOWN(D28*(1+$F$14),-1),"") -> 5380 | F28: =IF(ISNUMBER(D28),ROUNDDOWN(D28*(1+$F$15),-1),"") -> 21520 | G28: =SUMPRODUCT(--(LEN(J28:AF28)>0)) -> 5 | H28: =IF(G28>0,_xlfn.TEXTJOIN(", ",TRUE(),J28:AF28),IF(ISNUMBER(D28),"옵션 가능한 사이즈 없음","가격 미정 — 판매가 입력 필요")) -> 100*100(-3,060), 100*60(-3,610), 35*20(-3,880), 80*60(-3,610), 50*50(-3,850) | K28: 100*100(-3,060) | M28: 100*60(-3,610) | O28: 35*20(-3,880) | P28: 80*60(-3,610) | AB28: 50*50(-3,850)
AB29: 50*50(-1,080)
AB30: 50*50(-3,300)
AB31: 50*50(-550)
AB32: 50*50(-3,030)
AB33: 50*50(-3,300)
AB34: 50*50(+1,100)

Sheet 유포지
A1: 유포지 전체현황
A3: 규격 | B3: 입고수량 | C3: 판매(출고)수량 | D3: 재고수량 | E3: 오픈마켓판매수량 | F3: 기타채널판매수량 | G3: 판매가 (부가세별도) | H3: 판매가 (부가세포함) | I3: 마진율 | V3: 오픈마켓 판매건수 (판매현황 기준)
A4: =마스터!C16 -> 30*15 | B4: =마스터!D16 -> 80 | C4: =마스터!E16 -> 12 | D4: =마스터!G16 -> 68 | E4: =마스터!F16 -> 12 | F4: =마스터!E16-마스터!F16 -> 0 | G4: =IF(ISBLANK(마스터!O16),"미기재",마스터!O16) -> 4564 | H4: =IF(마스터!P16="","미기재",마스터!P16) -> 5020 | I4: =IF(마스터!R16="","계산불가",마스터!R16) -> 0.60419457 | V4: 4건(10롤)
A5: =마스터!C17 -> 40*20 | B5: =마스터!D17 -> 80 | C5: =마스터!E17 -> 0 | D5: =마스터!G17 -> 80 | E5: =마스터!F17 -> 0 | F5: =마스터!E17-마스터!F17 -> 0 | G5: =IF(ISBLANK(마스터!O17),"미기재",마스터!O17) -> 5582 | H5: =IF(마스터!P17="","미기재",마스터!P17) -> 6140 | I5: =IF(마스터!R17="","계산불가",마스터!R17) -> 0.58770548 | V5: 0건 | W5: 가격?
A6: =마스터!C19 -> 60*40 | B6: =마스터!D19 -> 50 | C6: =마스터!E19 -> 48 | D6: =마스터!G19 -> 2 | E6: =마스터!F19 -> 5 | F6: =마스터!E19-마스터!F19 -> 43 | G6: =IF(ISBLANK(마스터!O19),"미기재",마스터!O19) -> 5255 | H6: =IF(마스터!P19="","미기재",마스터!P19) -> 5780 | I6: =IF(마스터!R19="","계산불가",마스터!R19) -> 0.35989153 | V6: 1건(5롤)
A7: =마스터!C20 -> 70*50 | B7: =마스터!D20 -> 60 | C7: =마스터!E20 -> 45 | D7: =마스터!G20 -> 15 | E7: =마스터!F20 -> 12 | F7: =마스터!E20-마스터!F20 -> 33 | G7: =IF(ISBLANK(마스터!O20),"미기재",마스터!O20) -> 5445 | H7: =IF(마스터!P20="","미기재",마스터!P20) -> 5980 | I7: =IF(마스터!R20="","계산불가",마스터!R20) -> 0.37667034 | V7: 4건(7롤)
A8: =마스터!C18 -> 50*30 | B8: =마스터!D18 -> 50 | C8: =마스터!E18 -> 50 | D8: =마스터!G18 -> 0 | E8: =마스터!F18 -> 50 | F8: =마스터!E18-마스터!F18 -> 0 | G8: 품절 | H8: =IF(마스터!P18="","미기재",마스터!P18) -> 미기재 | I8: =IF(마스터!R18="","계산불가",마스터!R18) -> 계산불가 | V8: 1건(50롤)
A9: =마스터!C26 -> 100*100 | B9: =마스터!D26 -> 67 | C9: =마스터!E26 -> 67 | D9: =마스터!G26 -> 0 | E9: =마스터!F26 -> 14 | F9: =마스터!E26-마스터!F26 -> 53 | G9: =IF(ISBLANK(마스터!O26),"미기재",마스터!O26) -> 7727 | H9: =IF(마스터!P26="","미기재",마스터!P26) -> 8490 | I9: =IF(마스터!R26="","계산불가",마스터!R26) -> 0.4024514 | V9: 5건(14롤)
A10: =마스터!C21 -> 70*60 | B10: =마스터!D21 -> 50 | C10: =마스터!E21 -> 0 | D10: =마스터!G21 -> 50 | E10: =마스터!F21 -> 0 | F10: =마스터!E21-마스터!F21 -> 0 | G10: =IF(ISBLANK(마스터!O21),"미기재",마스터!O21) -> 6527 | H10: =IF(마스터!P21="","미기재",마스터!P21) -> 7170 | I10: =IF(마스터!R21="","계산불가",마스터!R21) -> 0.37912395 | V10: 0건
A11: =마스터!C24 -> 100*80 | B11: =마스터!D24 -> 50 | C11: =마스터!E24 -> 42 | D11: =마스터!G24 -> 8 | E11: =마스터!F24 -> 19 | F11: =마스터!E24-마스터!F24 -> 23 | G11: =IF(ISBLANK(마스터!O24),"미기재",마스터!O24) -> 8118 | H11: =IF(마스터!P24="","미기재",마스터!P24) -> 8920 | I11: =IF(마스터!R24="","계산불가",마스터!R24) -> 0.34240305 | V11: 1건(19롤)
A12: =마스터!C27 -> 100*150 | B12: =마스터!D27 -> 50 | C12: =마스터!E27 -> 48 | D12: =마스터!G27 -> 2 | E12: =마스터!F27 -> 5 | F12: =마스터!E27-마스터!F27 -> 43 | G12: =IF(ISBLANK(마스터!O27),"미기재",마스터!O27) -> 9273 | H12: =IF(마스터!P27="","미기재",마스터!P27) -> 10200 | I12: =IF(마스터!R27="","계산불가",마스터!R27) -> 0.40248657 | V12: 1건(5롤)
A13: =마스터!C25 -> 100*90 | B13: =마스터!D25 -> 50 | C13: =마스터!E25 -> 23 | D13: =마스터!G25 -> 27 | E13: =마스터!F25 -> 3 | F13: =마스터!E25-마스터!F25 -> 20 | G13: =IF(ISBLANK(마스터!O25),"미기재",마스터!O25) -> 12664 | H13: =IF(마스터!P25="","미기재",마스터!P25) -> 13930 | I13: =IF(마스터!R25="","계산불가",마스터!R25) -> 0.55611529 | V13: 2건(3롤)
A14: =마스터!C22 -> 100*35 | B14: =마스터!D22 -> 50 | C14: =마스터!E22 -> 14 | D14: =마스터!G22 -> 36 | E14: =마스터!F22 -> 1 | F14: =마스터!E22-마스터!F22 -> 13 | G14: =IF(ISBLANK(마스터!O22),"미기재",마스터!O22) -> 12891 | H14: =IF(마스터!P22="","미기재",마스터!P22) -> 14180 | I14: =IF(마스터!R22="","계산불가",마스터!R22) -> 0.58528322 | V14: 1건(1롤) | W14: 가격?
A15: =마스터!C23 -> 100*70 | B15: =마스터!D23 -> 55 | C15: =마스터!E23 -> 55 | D15: =마스터!G23 -> 0 | E15: =마스터!F23 -> 2 | F15: =마스터!E23-마스터!F23 -> 53 | G15: =IF(ISBLANK(마스터!O23),"미기재",마스터!O23) -> 9636 | H15: =IF(마스터!P23="","미기재",마스터!P23) -> 10590 | I15: =IF(마스터!R23="","계산불가",마스터!R23) -> 0.41673474 | V15: 2건(2롤)
A16: 합계 | B16: =SUM(B8:B15) -> 422 | C16: =SUM(C8:C15) -> 299 | D16: =SUM(D8:D15) -> 123 | E16: =SUM(E8:E15) -> 94 | F16: =SUM(F8:F15) -> 205 | V16: 22건
A19: 라벨별 옵션 구성 — 각 라벨을 대표가(기준)로 잡았을 때 옵션으로 함께 넣을 수 있는 사이즈 종류·개수
A20: 옵션추가금액 하한(대표가 대비) | F20: -0.5
A21: 옵션추가금액 상한(대표가 대비) | F21: 1
A22: 품절(재고 0) 사이즈 옵션 제외 (1=제외, 0=포함) | F22: 1
A24: No | B24: 재질 | C24: 규격 | D24: 대표가 (부가세 포함) | E24: 옵션가 하한 (최소 판매가) | F24: 옵션가 상한 (최대 판매가) | G24: 옵션 가능 수 (개) | H24: 옵션 종류 (옵션추가금액) | K24: =마스터!C26 -> 100*100 | L24: =마스터!C24 -> 100*80 | M24: =마스터!C16 -> 30*15 | N24: =마스터!C27 -> 100*150 | O24: =마스터!C19 -> 60*40 | P24: =마스터!C20 -> 70*50 | Q24: =마스터!C25 -> 100*90 | R24: =마스터!C22 -> 100*35 | S24: =마스터!C23 -> 100*70 | T24: =마스터!C17 -> 40*20 | U24: =마스터!C21 -> 70*60 | AA24: =마스터!C18 -> 50*30
A25: 1 | B25: =마스터!B16 -> 유포지 | C25: =마스터!C16 -> 30*15 | D25: =마스터!P16 -> 5020 | E25: =IF(ISNUMBER(D25),ROUNDDOWN(D25*(1+$F$20),-1),"") -> 2510 | F25: =IF(ISNUMBER(D25),ROUNDDOWN(D25*(1+$F$21),-1),"") -> 10040 | G25: =SUMPRODUCT(--(LEN(J25:AG25)>0)) -> 5 | H25: =IF(G25>0,_xlfn.TEXTJOIN(", ",TRUE(),J25:AG25),IF(ISNUMBER(D25),"옵션 가능한 사이즈 없음","가격 미정 — 판매가 입력 필요")) -> 100*80(+3,900), 60*40(+760), 70*50(+960), 40*20(+1,120), 70*60(+2,150) | J25: =IF(OR(NOT(ISNUMBER($E25)),NOT(ISNUMBER(마스터!$P$18))),"",IF(AND(마스터!$P$18>=$E25,마스터!$P$18<=$F25,OR($F$22=0,마스터!$G$18>0)),마스터!$C$18&"("&IF(마스터!$P$18-$D25>=0,"+","")&TEXT(마스터!$P$18-$D25,"#,##0")&")","")) | K25: =IF(OR(NOT(ISNUMBER($E25)),NOT(ISNUMBER(마스터!$P$26))),"",IF(AND(마스터!$P$26>=$E25,마스터!$P$26<=$F25,OR($F$22=0,마스터!$G$26>0)),마스터!$C$26&"("&IF(마스터!$P$26-$D25>=0,"+","")&TEXT(마스터!$P$26-$D25,"#,##0")&")","")) | L25: =IF(OR(NOT(ISNUMBER($E25)),NOT(ISNUMBER(마스터!$P$24))),"",IF(AND(마스터!$P$24>=$E25,마스터!$P$24<=$F25,OR($F$22=0,마스터!$G$24>0)),마스터!$C$24&"("&IF(마스터!$P$24-$D25>=0,"+","")&TEXT(마스터!$P$24-$D25,"#,##0")&")","")) -> 100*80(+3,900) | N25: =IF(OR(NOT(ISNUMBER($E25)),NOT(ISNUMBER(마스터!$P$27))),"",IF(AND(마스터!$P$27>=$E25,마스터!$P$27<=$F25,OR($F$22=0,마스터!$G$27>0)),마스터!$C$27&"("&IF(마스터!$P$27-$D25>=0,"+","")&TEXT(마스터!$P$27-$D25,"#,##0")&")","")) | O25: =IF(OR(NOT(ISNUMBER($E25)),NOT(ISNUMBER(마스터!$P$19))),"",IF(AND(마스터!$P$19>=$E25,마스터!$P$19<=$F25,OR($F$22=0,마스터!$G$19>0)),마스터!$C$19&"("&IF(마스터!$P$19-$D25>=0,"+","")&TEXT(마스터!$P$19-$D25,"#,##0")&")","")) -> 60*40(+760) | P25: =IF(OR(NOT(ISNUMBER($E25)),NOT(ISNUMBER(마스터!$P$20))),"",IF(AND(마스터!$P$20>=$E25,마스터!$P$20<=$F25,OR($F$22=0,마스터!$G$20>0)),마스터!$C$20&"("&IF(마스터!$P$20-$D25>=0,"+","")&TEXT(마스터!$P$20-$D25,"#,##0")&")","")) -> 70*50(+960) | Q25: =IF(OR(NOT(ISNUMBER($E25)),NOT(ISNUMBER(마스터!$P$25))),"",IF(AND(마스터!$P$25>=$E25,마스터!$P$25<=$F25,OR($F$22=0,마스터!$G$25>0)),마스터!$C$25&"("&IF(마스터!$P$25-$D25>=0,"+","")&TEXT(마스터!$P$25-$D25,"#,##0")&")","")) | R25: =IF(OR(NOT(ISNUMBER($E25)),NOT(ISNUMBER(마스터!$P$22))),"",IF(AND(마스터!$P$22>=$E25,마스터!$P$22<=$F25,OR($F$22=0,마스터!$G$22>0)),마스터!$C$22&"("&IF(마스터!$P$22-$D25>=0,"+","")&TEXT(마스터!$P$22-$D25,"#,##0")&")","")) | S25: =IF(OR(NOT(ISNUMBER($E25)),NOT(ISNUMBER(마스터!$P$23))),"",IF(AND(마스터!$P$23>=$E25,마스터!$P$23<=$F25,OR($F$22=0,마스터!$G$23>0)),마스터!$C$23&"("&IF(마스터!$P$23-$D25>=0,"+","")&TEXT(마스터!$P$23-$D25,"#,##0")&")","")) | T25: =IF(OR(NOT(ISNUMBER($E25)),NOT(ISNUMBER(마스터!$P$17))),"",IF(AND(마스터!$P$17>=$E25,마스터!$P$17<=$F25,OR($F$22=0,마스터!$G$17>0)),마스터!$C$17&"("&IF(마스터!$P$17-$D25>=0,"+","")&TEXT(마스터!$P$17-$D25,"#,##0")&")","")) -> 40*20(+1,120) | U25: =IF(OR(NOT(ISNUMBER($E25)),NOT(ISNUMBER(마스터!$P$21))),"",IF(AND(마스터!$P$21>=$E25,마스터!$P$21<=$F25,OR($F$22=0,마스터!$G$21>0)),마스터!$C$21&"("&IF(마스터!$P$21-$D25>=0,"+","")&TEXT(마스터!$P$21-$D25,"#,##0")&")","")) -> 70*60(+2,150)
A26: 2 | B26: =마스터!B17 -> 유포지 | C26: =마스터!C17 -> 40*20 | D26: =마스터!P17 -> 6140 | E26: =IF(ISNUMBER(D26),ROUNDDOWN(D26*(1+$F$20),-1),"") -> 3070 | F26: =IF(ISNUMBER(D26),ROUNDDOWN(D26*(1+$F$21),-1),"") -> 12280 | G26: =SUMPRODUCT(--(LEN(J26:AG26)>0)) -> 6 | H26: =IF(G26>0,_xlfn.TEXTJOIN(", ",TRUE(),J26:AG26),IF(ISNUMBER(D26),"옵션 가능한 사이즈 없음","가격 미정 — 판매가 입력 필요")) -> 100*80(+2,780), 30*15(-1,120), 100*150(+4,060), 60*40(-360), 70*50(-160), 70*60(+1,030) | J26: =IF(OR(NOT(ISNUMBER($E26)),NOT(ISNUMBER(마스터!$P$18))),"",IF(AND(마스터!$P$18>=$E26,마스터!$P$18<=$F26,OR($F$22=0,마스터!$G$18>0)),마스터!$C$18&"("&IF(마스터!$P$18-$D26>=0,"+","")&TEXT(마스터!$P$18-$D26,"#,##0")&")","")) | K26: =IF(OR(NOT(ISNUMBER($E26)),NOT(ISNUMBER(마스터!$P$26))),"",IF(AND(마스터!$P$26>=$E26,마스터!$P$26<=$F26,OR($F$22=0,마스터!$G$26>0)),마스터!$C$26&"("&IF(마스터!$P$26-$D26>=0,"+","")&TEXT(마스터!$P$26-$D26,"#,##0")&")","")) | L26: =IF(OR(NOT(ISNUMBER($E26)),NOT(ISNUMBER(마스터!$P$24))),"",IF(AND(마스터!$P$24>=$E26,마스터!$P$24<=$F26,OR($F$22=0,마스터!$G$24>0)),마스터!$C$24&"("&IF(마스터!$P$24-$D26>=0,"+","")&TEXT(마스터!$P$24-$D26,"#,##0")&")","")) -> 100*80(+2,780) | M26: =IF(OR(NOT(ISNUMBER($E26)),NOT(ISNUMBER(마스터!$P$16))),"",IF(AND(마스터!$P$16>=$E26,마스터!$P$16<=$F26,OR($F$22=0,마스터!$G$16>0)),마스터!$C$16&"("&IF(마스터!$P$16-$D26>=0,"+","")&TEXT(마스터!$P$16-$D26,"#,##0")&")","")) -> 30*15(-1,120) | N26: =IF(OR(NOT(ISNUMBER($E26)),NOT(ISNUMBER(마스터!$P$27))),"",IF(AND(마스터!$P$27>=$E26,마스터!$P$27<=$F26,OR($F$22=0,마스터!$G$27>0)),마스터!$C$27&"("&IF(마스터!$P$27-$D26>=0,"+","")&TEXT(마스터!$P$27-$D26,"#,##0")&")","")) -> 100*150(+4,060) | O26: =IF(OR(NOT(ISNUMBER($E26)),NOT(ISNUMBER(마스터!$P$19))),"",IF(AND(마스터!$P$19>=$E26,마스터!$P$19<=$F26,OR($F$22=0,마스터!$G$19>0)),마스터!$C$19&"("&IF(마스터!$P$19-$D26>=0,"+","")&TEXT(마스터!$P$19-$D26,"#,##0")&")","")) -> 60*40(-360) | P26: =IF(OR(NOT(ISNUMBER($E26)),NOT(ISNUMBER(마스터!$P$20))),"",IF(AND(마스터!$P$20>=$E26,마스터!$P$20<=$F26,OR($F$22=0,마스터!$G$20>0)),마스터!$C$20&"("&IF(마스터!$P$20-$D26>=0,"+","")&TEXT(마스터!$P$20-$D26,"#,##0")&")","")) -> 70*50(-160) | Q26: =IF(OR(NOT(ISNUMBER($E26)),NOT(ISNUMBER(마스터!$P$25))),"",IF(AND(마스터!$P$25>=$E26,마스터!$P$25<=$F26,OR($F$22=0,마스터!$G$25>0)),마스터!$C$25&"("&IF(마스터!$P$25-$D26>=0,"+","")&TEXT(마스터!$P$25-$D26,"#,##0")&")","")) | R26: =IF(OR(NOT(ISNUMBER($E26)),NOT(ISNUMBER(마스터!$P$22))),"",IF(AND(마스터!$P$22>=$E26,마스터!$P$22<=$F26,OR($F$22=0,마스터!$G$22>0)),마스터!$C$22&"("&IF(마스터!$P$22-$D26>=0,"+","")&TEXT(마스터!$P$22-$D26,"#,##0")&")","")) | S26: =IF(OR(NOT(ISNUMBER($E26)),NOT(ISNUMBER(마스터!$P$23))),"",IF(AND(마스터!$P$23>=$E26,마스터!$P$23<=$F26,OR($F$22=0,마스터!$G$23>0)),마스터!$C$23&"("&IF(마스터!$P$23-$D26>=0,"+","")&TEXT(마스터!$P$23-$D26,"#,##0")&")","")) | U26: =IF(OR(NOT(ISNUMBER($E26)),NOT(ISNUMBER(마스터!$P$21))),"",IF(AND(마스터!$P$21>=$E26,마스터!$P$21<=$F26,OR($F$22=0,마스터!$G$21>0)),마스터!$C$21&"("&IF(마스터!$P$21-$D26>=0,"+","")&TEXT(마스터!$P$21-$D26,"#,##0")&")","")) -> 70*60(+1,030)
A27: 3 | B27: =마스터!B18 -> 유포지/품절 | C27: =마스터!C18 -> 50*30 | D27: =마스터!P18 | E27: =IF(ISNUMBER(D27),ROUNDDOWN(D27*(1+$F$20),-1),"") | F27: =IF(ISNUMBER(D27),ROUNDDOWN(D27*(1+$F$21),-1),"") | G27: =SUMPRODUCT(--(LEN(J27:AG27)>0)) -> 0 | H27: 품절 | K27: =IF(OR(NOT(ISNUMBER($E27)),NOT(ISNUMBER(마스터!$P$26))),"",IF(AND(마스터!$P$26>=$E27,마스터!$P$26<=$F27,OR($F$22=0,마스터!$G$26>0)),마스터!$C$26&"("&IF(마스터!$P$26-$D27>=0,"+","")&TEXT(마스터!$P$26-$D27,"#,##0")&")","")) | L27: =IF(OR(NOT(ISNUMBER($E27)),NOT(ISNUMBER(마스터!$P$24))),"",IF(AND(마스터!$P$24>=$E27,마스터!$P$24<=$F27,OR($F$22=0,마스터!$G$24>0)),마스터!$C$24&"("&IF(마스터!$P$24-$D27>=0,"+","")&TEXT(마스터!$P$24-$D27,"#,##0")&")","")) | M27: =IF(OR(NOT(ISNUMBER($E27)),NOT(ISNUMBER(마스터!$P$16))),"",IF(AND(마스터!$P$16>=$E27,마스터!$P$16<=$F27,OR($F$22=0,마스터!$G$16>0)),마스터!$C$16&"("&IF(마스터!$P$16-$D27>=0,"+","")&TEXT(마스터!$P$16-$D27,"#,##0")&")","")) | N27: =IF(OR(NOT(ISNUMBER($E27)),NOT(ISNUMBER(마스터!$P$27))),"",IF(AND(마스터!$P$27>=$E27,마스터!$P$27<=$F27,OR($F$22=0,마스터!$G$27>0)),마스터!$C$27&"("&IF(마스터!$P$27-$D27>=0,"+","")&TEXT(마스터!$P$27-$D27,"#,##0")&")","")) | O27: =IF(OR(NOT(ISNUMBER($E27)),NOT(ISNUMBER(마스터!$P$19))),"",IF(AND(마스터!$P$19>=$E27,마스터!$P$19<=$F27,OR($F$22=0,마스터!$G$19>0)),마스터!$C$19&"("&IF(마스터!$P$19-$D27>=0,"+","")&TEXT(마스터!$P$19-$D27,"#,##0")&")","")) | P27: =IF(OR(NOT(ISNUMBER($E27)),NOT(ISNUMBER(마스터!$P$20))),"",IF(AND(마스터!$P$20>=$E27,마스터!$P$20<=$F27,OR($F$22=0,마스터!$G$20>0)),마스터!$C$20&"("&IF(마스터!$P$20-$D27>=0,"+","")&TEXT(마스터!$P$20-$D27,"#,##0")&")","")) | Q27: =IF(OR(NOT(ISNUMBER($E27)),NOT(ISNUMBER(마스터!$P$25))),"",IF(AND(마스터!$P$25>=$E27,마스터!$P$25<=$F27,OR($F$22=0,마스터!$G$25>0)),마스터!$C$25&"("&IF(마스터!$P$25-$D27>=0,"+","")&TEXT(마스터!$P$25-$D27,"#,##0")&")","")) | R27: =IF(OR(NOT(ISNUMBER($E27)),NOT(ISNUMBER(마스터!$P$22))),"",IF(AND(마스터!$P$22>=$E27,마스터!$P$22<=$F27,OR($F$22=0,마스터!$G$22>0)),마스터!$C$22&"("&IF(마스터!$P$22-$D27>=0,"+","")&TEXT(마스터!$P$22-$D27,"#,##0")&")","")) | S27: =IF(OR(NOT(ISNUMBER($E27)),NOT(ISNUMBER(마스터!$P$23))),"",IF(AND(마스터!$P$23>=$E27,마스터!$P$23<=$F27,OR($F$22=0,마스터!$G$23>0)),마스터!$C$23&"("&IF(마스터!$P$23-$D27>=0,"+","")&TEXT(마스터!$P$23-$D27,"#,##0")&")","")) | T27: =IF(OR(NOT(ISNUMBER($E27)),NOT(ISNUMBER(마스터!$P$17))),"",IF(AND(마스터!$P$17>=$E27,마스터!$P$17<=$F27,OR($F$22=0,마스터!$G$17>0)),마스터!$C$17&"("&IF(마스터!$P$17-$D27>=0,"+","")&TEXT(마스터!$P$17-$D27,"#,##0")&")","")) | U27: =IF(OR(NOT(ISNUMBER($E27)),NOT(ISNUMBER(마스터!$P$21))),"",IF(AND(마스터!$P$21>=$E27,마스터!$P$21<=$F27,OR($F$22=0,마스터!$G$21>0)),마스터!$C$21&"("&IF(마스터!$P$21-$D27>=0,"+","")&TEXT(마스터!$P$21-$D27,"#,##0")&")",""))
A28: 4 | B28: =마스터!B19 -> 유포지 | C28: =마스터!C19 -> 60*40 | D28: =마스터!P19 -> 5780 | E28: =IF(ISNUMBER(D28),ROUNDDOWN(D28*(1+$F$20),-1),"") -> 2890 | F28: =IF(ISNUMBER(D28),ROUNDDOWN(D28*(1+$F$21),-1),"") -> 11560 | G28: =SUMPRODUCT(--(LEN(J28:AG28)>0)) -> 6 | H28: =IF(G28>0,_xlfn.TEXTJOIN(", ",TRUE(),J28:AG28),IF(ISNUMBER(D28),"옵션 가능한 사이즈 없음","가격 미정 — 판매가 입력 필요")) -> 100*80(+3,140), 30*15(-760), 100*150(+4,420), 70*50(+200), 40*20(+360), 70*60(+1,390) | J28: =IF(OR(NOT(ISNUMBER($E28)),NOT(ISNUMBER(마스터!$P$18))),"",IF(AND(마스터!$P$18>=$E28,마스터!$P$18<=$F28,OR($F$22=0,마스터!$G$18>0)),마스터!$C$18&"("&IF(마스터!$P$18-$D28>=0,"+","")&TEXT(마스터!$P$18-$D28,"#,##0")&")","")) | K28: =IF(OR(NOT(ISNUMBER($E28)),NOT(ISNUMBER(마스터!$P$26))),"",IF(AND(마스터!$P$26>=$E28,마스터!$P$26<=$F28,OR($F$22=0,마스터!$G$26>0)),마스터!$C$26&"("&IF(마스터!$P$26-$D28>=0,"+","")&TEXT(마스터!$P$26-$D28,"#,##0")&")","")) | L28: =IF(OR(NOT(ISNUMBER($E28)),NOT(ISNUMBER(마스터!$P$24))),"",IF(AND(마스터!$P$24>=$E28,마스터!$P$24<=$F28,OR($F$22=0,마스터!$G$24>0)),마스터!$C$24&"("&IF(마스터!$P$24-$D28>=0,"+","")&TEXT(마스터!$P$24-$D28,"#,##0")&")","")) -> 100*80(+3,140) | M28: =IF(OR(NOT(ISNUMBER($E28)),NOT(ISNUMBER(마스터!$P$16))),"",IF(AND(마스터!$P$16>=$E28,마스터!$P$16<=$F28,OR($F$22=0,마스터!$G$16>0)),마스터!$C$16&"("&IF(마스터!$P$16-$D28>=0,"+","")&TEXT(마스터!$P$16-$D28,"#,##0")&")","")) -> 30*15(-760) | N28: =IF(OR(NOT(ISNUMBER($E28)),NOT(ISNUMBER(마스터!$P$27))),"",IF(AND(마스터!$P$27>=$E28,마스터!$P$27<=$F28,OR($F$22=0,마스터!$G$27>0)),마스터!$C$27&"("&IF(마스터!$P$27-$D28>=0,"+","")&TEXT(마스터!$P$27-$D28,"#,##0")&")","")) -> 100*150(+4,420) | P28: =IF(OR(NOT(ISNUMBER($E28)),NOT(ISNUMBER(마스터!$P$20))),"",IF(AND(마스터!$P$20>=$E28,마스터!$P$20<=$F28,OR($F$22=0,마스터!$G$20>0)),마스터!$C$20&"("&IF(마스터!$P$20-$D28>=0,"+","")&TEXT(마스터!$P$20-$D28,"#,##0")&")","")) -> 70*50(+200) | Q28: =IF(OR(NOT(ISNUMBER($E28)),NOT(ISNUMBER(마스터!$P$25))),"",IF(AND(마스터!$P$25>=$E28,마스터!$P$25<=$F28,OR($F$22=0,마스터!$G$25>0)),마스터!$C$25&"("&IF(마스터!$P$25-$D28>=0,"+","")&TEXT(마스터!$P$25-$D28,"#,##0")&")","")) | R28: =IF(OR(NOT(ISNUMBER($E28)),NOT(ISNUMBER(마스터!$P$22))),"",IF(AND(마스터!$P$22>=$E28,마스터!$P$22<=$F28,OR($F$22=0,마스터!$G$22>0)),마스터!$C$22&"("&IF(마스터!$P$22-$D28>=0,"+","")&TEXT(마스터!$P$22-$D28,"#,##0")&")","")) | S28: =IF(OR(NOT(ISNUMBER($E28)),NOT(ISNUMBER(마스터!$P$23))),"",IF(AND(마스터!$P$23>=$E28,마스터!$P$23<=$F28,OR($F$22=0,마스터!$G$23>0)),마스터!$C$23&"("&IF(마스터!$P$23-$D28>=0,"+","")&TEXT(마스터!$P$23-$D28,"#,##0")&")","")) | T28: =IF(OR(NOT(ISNUMBER($E28)),NOT(ISNUMBER(마스터!$P$17))),"",IF(AND(마스터!$P$17>=$E28,마스터!$P$17<=$F28,OR($F$22=0,마스터!$G$17>0)),마스터!$C$17&"("&IF(마스터!$P$17-$D28>=0,"+","")&TEXT(마스터!$P$17-$D28,"#,##0")&")","")) -> 40*20(+360) | U28: =IF(OR(NOT(ISNUMBER($E28)),NOT(ISNUMBER(마스터!$P$21))),"",IF(AND(마스터!$P$21>=$E28,마스터!$P$21<=$F28,OR($F$22=0,마스터!$G$21>0)),마스터!$C$21&"("&IF(마스터!$P$21-$D28>=0,"+","")&TEXT(마스터!$P$21-$D28,"#,##0")&")","")) -> 70*60(+1,390)
A29: 5 | B29: =마스터!B20 -> 유포지 | C29: =마스터!C20 -> 70*50 | D29: =마스터!P20 -> 5980 | E29: =IF(ISNUMBER(D29),ROUNDDOWN(D29*(1+$F$20),-1),"") -> 2990 | F29: =IF(ISNUMBER(D29),ROUNDDOWN(D29*(1+$F$21),-1),"") -> 11960 | G29: =SUMPRODUCT(--(LEN(J29:AG29)>0)) -> 6 | H29: =IF(G29>0,_xlfn.TEXTJOIN(", ",TRUE(),J29:AG29),IF(ISNUMBER(D29),"옵션 가능한 사이즈 없음","가격 미정 — 판매가 입력 필요")) -> 100*80(+2,940), 30*15(-960), 100*150(+4,220), 60*40(-200), 40*20(+160), 70*60(+1,190) | J29: =IF(OR(NOT(ISNUMBER($E29)),NOT(ISNUMBER(마스터!$P$18))),"",IF(AND(마스터!$P$18>=$E29,마스터!$P$18<=$F29,OR($F$22=0,마스터!$G$18>0)),마스터!$C$18&"("&IF(마스터!$P$18-$D29>=0,"+","")&TEXT(마스터!$P$18-$D29,"#,##0")&")","")) | K29: =IF(OR(NOT(ISNUMBER($E29)),NOT(ISNUMBER(마스터!$P$26))),"",IF(AND(마스터!$P$26>=$E29,마스터!$P$26<=$F29,OR($F$22=0,마스터!$G$26>0)),마스터!$C$26&"("&IF(마스터!$P$26-$D29>=0,"+","")&TEXT(마스터!$P$26-$D29,"#,##0")&")","")) | L29: =IF(OR(NOT(ISNUMBER($E29)),NOT(ISNUMBER(마스터!$P$24))),"",IF(AND(마스터!$P$24>=$E29,마스터!$P$24<=$F29,OR($F$22=0,마스터!$G$24>0)),마스터!$C$24&"("&IF(마스터!$P$24-$D29>=0,"+","")&TEXT(마스터!$P$24-$D29,"#,##0")&")","")) -> 100*80(+2,940) | M29: =IF(OR(NOT(ISNUMBER($E29)),NOT(ISNUMBER(마스터!$P$16))),"",IF(AND(마스터!$P$16>=$E29,마스터!$P$16<=$F29,OR($F$22=0,마스터!$G$16>0)),마스터!$C$16&"("&IF(마스터!$P$16-$D29>=0,"+","")&TEXT(마스터!$P$16-$D29,"#,##0")&")","")) -> 30*15(-960) | N29: =IF(OR(NOT(ISNUMBER($E29)),NOT(ISNUMBER(마스터!$P$27))),"",IF(AND(마스터!$P$27>=$E29,마스터!$P$27<=$F29,OR($F$22=0,마스터!$G$27>0)),마스터!$C$27&"("&IF(마스터!$P$27-$D29>=0,"+","")&TEXT(마스터!$P$27-$D29,"#,##0")&")","")) -> 100*150(+4,220) | O29: =IF(OR(NOT(ISNUMBER($E29)),NOT(ISNUMBER(마스터!$P$19))),"",IF(AND(마스터!$P$19>=$E29,마스터!$P$19<=$F29,OR($F$22=0,마스터!$G$19>0)),마스터!$C$19&"("&IF(마스터!$P$19-$D29>=0,"+","")&TEXT(마스터!$P$19-$D29,"#,##0")&")","")) -> 60*40(-200) | Q29: =IF(OR(NOT(ISNUMBER($E29)),NOT(ISNUMBER(마스터!$P$25))),"",IF(AND(마스터!$P$25>=$E29,마스터!$P$25<=$F29,OR($F$22=0,마스터!$G$25>0)),마스터!$C$25&"("&IF(마스터!$P$25-$D29>=0,"+","")&TEXT(마스터!$P$25-$D29,"#,##0")&")","")) | R29: =IF(OR(NOT(ISNUMBER($E29)),NOT(ISNUMBER(마스터!$P$22))),"",IF(AND(마스터!$P$22>=$E29,마스터!$P$22<=$F29,OR($F$22=0,마스터!$G$22>0)),마스터!$C$22&"("&IF(마스터!$P$22-$D29>=0,"+","")&TEXT(마스터!$P$22-$D29,"#,##0")&")","")) | S29: =IF(OR(NOT(ISNUMBER($E29)),NOT(ISNUMBER(마스터!$P$23))),"",IF(AND(마스터!$P$23>=$E29,마스터!$P$23<=$F29,OR($F$22=0,마스터!$G$23>0)),마스터!$C$23&"("&IF(마스터!$P$23-$D29>=0,"+","")&TEXT(마스터!$P$23-$D29,"#,##0")&")","")) | T29: =IF(OR(NOT(ISNUMBER($E29)),NOT(ISNUMBER(마스터!$P$17))),"",IF(AND(마스터!$P$17>=$E29,마스터!$P$17<=$F29,OR($F$22=0,마스터!$G$17>0)),마스터!$C$17&"("&IF(마스터!$P$17-$D29>=0,"+","")&TEXT(마스터!$P$17-$D29,"#,##0")&")","")) -> 40*20(+160) | U29: =IF(OR(NOT(ISNUMBER($E29)),NOT(ISNUMBER(마스터!$P$21))),"",IF(AND(마스터!$P$21>=$E29,마스터!$P$21<=$F29,OR($F$22=0,마스터!$G$21>0)),마스터!$C$21&"("&IF(마스터!$P$21-$D29>=0,"+","")&TEXT(마스터!$P$21-$D29,"#,##0")&")","")) -> 70*60(+1,190)
A30: 6 | B30: =마스터!B21 -> 유포지 | C30: =마스터!C21 -> 70*60 | D30: =마스터!P21 -> 7170 | E30: =IF(ISNUMBER(D30),ROUNDDOWN(D30*(1+$F$20),-1),"") -> 3580 | F30: =IF(ISNUMBER(D30),ROUNDDOWN(D30*(1+$F$21),-1),"") -> 14340 | G30: =SUMPRODUCT(--(LEN(J30:AG30)>0)) -> 8 | H30: =IF(G30>0,_xlfn.TEXTJOIN(", ",TRUE(),J30:AG30),IF(ISNUMBER(D30),"옵션 가능한 사이즈 없음","가격 미정 — 판매가 입력 필요")) -> 100*80(+1,750), 30*15(-2,150), 100*150(+3,030), 60*40(-1,390), 70*50(-1,190), 100*90(+6,760), 100*35(+7,010), 40*20(-1,030) | J30: =IF(OR(NOT(ISNUMBER($E30)),NOT(ISNUMBER(마스터!$P$18))),"",IF(AND(마스터!$P$18>=$E30,마스터!$P$18<=$F30,OR($F$22=0,마스터!$G$18>0)),마스터!$C$18&"("&IF(마스터!$P$18-$D30>=0,"+","")&TEXT(마스터!$P$18-$D30,"#,##0")&")","")) | K30: =IF(OR(NOT(ISNUMBER($E30)),NOT(ISNUMBER(마스터!$P$26))),"",IF(AND(마스터!$P$26>=$E30,마스터!$P$26<=$F30,OR($F$22=0,마스터!$G$26>0)),마스터!$C$26&"("&IF(마스터!$P$26-$D30>=0,"+","")&TEXT(마스터!$P$26-$D30,"#,##0")&")","")) | L30: =IF(OR(NOT(ISNUMBER($E30)),NOT(ISNUMBER(마스터!$P$24))),"",IF(AND(마스터!$P$24>=$E30,마스터!$P$24<=$F30,OR($F$22=0,마스터!$G$24>0)),마스터!$C$24&"("&IF(마스터!$P$24-$D30>=0,"+","")&TEXT(마스터!$P$24-$D30,"#,##0")&")","")) -> 100*80(+1,750) | M30: =IF(OR(NOT(ISNUMBER($E30)),NOT(ISNUMBER(마스터!$P$16))),"",IF(AND(마스터!$P$16>=$E30,마스터!$P$16<=$F30,OR($F$22=0,마스터!$G$16>0)),마스터!$C$16&"("&IF(마스터!$P$16-$D30>=0,"+","")&TEXT(마스터!$P$16-$D30,"#,##0")&")","")) -> 30*15(-2,150) | N30: =IF(OR(NOT(ISNUMBER($E30)),NOT(ISNUMBER(마스터!$P$27))),"",IF(AND(마스터!$P$27>=$E30,마스터!$P$27<=$F30,OR($F$22=0,마스터!$G$27>0)),마스터!$C$27&"("&IF(마스터!$P$27-$D30>=0,"+","")&TEXT(마스터!$P$27-$D30,"#,##0")&")","")) -> 100*150(+3,030) | O30: =IF(OR(NOT(ISNUMBER($E30)),NOT(ISNUMBER(마스터!$P$19))),"",IF(AND(마스터!$P$19>=$E30,마스터!$P$19<=$F30,OR($F$22=0,마스터!$G$19>0)),마스터!$C$19&"("&IF(마스터!$P$19-$D30>=0,"+","")&TEXT(마스터!$P$19-$D30,"#,##0")&")","")) -> 60*40(-1,390) | P30: =IF(OR(NOT(ISNUMBER($E30)),NOT(ISNUMBER(마스터!$P$20))),"",IF(AND(마스터!$P$20>=$E30,마스터!$P$20<=$F30,OR($F$22=0,마스터!$G$20>0)),마스터!$C$20&"("&IF(마스터!$P$20-$D30>=0,"+","")&TEXT(마스터!$P$20-$D30,"#,##0")&")","")) -> 70*50(-1,190) | Q30: =IF(OR(NOT(ISNUMBER($E30)),NOT(ISNUMBER(마스터!$P$25))),"",IF(AND(마스터!$P$25>=$E30,마스터!$P$25<=$F30,OR($F$22=0,마스터!$G$25>0)),마스터!$C$25&"("&IF(마스터!$P$25-$D30>=0,"+","")&TEXT(마스터!$P$25-$D30,"#,##0")&")","")) -> 100*90(+6,760) | R30: =IF(OR(NOT(ISNUMBER($E30)),NOT(ISNUMBER(마스터!$P$22))),"",IF(AND(마스터!$P$22>=$E30,마스터!$P$22<=$F30,OR($F$22=0,마스터!$G$22>0)),마스터!$C$22&"("&IF(마스터!$P$22-$D30>=0,"+","")&TEXT(마스터!$P$22-$D30,"#,##0")&")","")) -> 100*35(+7,010) | S30: =IF(OR(NOT(ISNUMBER($E30)),NOT(ISNUMBER(마스터!$P$23))),"",IF(AND(마스터!$P$23>=$E30,마스터!$P$23<=$F30,OR($F$22=0,마스터!$G$23>0)),마스터!$C$23&"("&IF(마스터!$P$23-$D30>=0,"+","")&TEXT(마스터!$P$23-$D30,"#,##0")&")","")) | T30: =IF(OR(NOT(ISNUMBER($E30)),NOT(ISNUMBER(마스터!$P$17))),"",IF(AND(마스터!$P$17>=$E30,마스터!$P$17<=$F30,OR($F$22=0,마스터!$G$17>0)),마스터!$C$17&"("&IF(마스터!$P$17-$D30>=0,"+","")&TEXT(마스터!$P$17-$D30,"#,##0")&")","")) -> 40*20(-1,030)
A31: 7 | B31: =마스터!B22 -> 유포지 | C31: =마스터!C22 -> 100*35 | D31: =마스터!P22 -> 14180 | E31: =IF(ISNUMBER(D31),ROUNDDOWN(D31*(1+$F$20),-1),"") -> 7090 | F31: =IF(ISNUMBER(D31),ROUNDDOWN(D31*(1+$F$21),-1),"") -> 28360 | G31: =SUMPRODUCT(--(LEN(J31:AG31)>0)) -> 4 | H31: =IF(G31>0,_xlfn.TEXTJOIN(", ",TRUE(),J31:AG31),IF(ISNUMBER(D31),"옵션 가능한 사이즈 없음","가격 미정 — 판매가 입력 필요")) -> 100*80(-5,260), 100*150(-3,980), 100*90(-250), 70*60(-7,010) | J31: =IF(OR(NOT(ISNUMBER($E31)),NOT(ISNUMBER(마스터!$P$18))),"",IF(AND(마스터!$P$18>=$E31,마스터!$P$18<=$F31,OR($F$22=0,마스터!$G$18>0)),마스터!$C$18&"("&IF(마스터!$P$18-$D31>=0,"+","")&TEXT(마스터!$P$18-$D31,"#,##0")&")","")) | K31: =IF(OR(NOT(ISNUMBER($E31)),NOT(ISNUMBER(마스터!$P$26))),"",IF(AND(마스터!$P$26>=$E31,마스터!$P$26<=$F31,OR($F$22=0,마스터!$G$26>0)),마스터!$C$26&"("&IF(마스터!$P$26-$D31>=0,"+","")&TEXT(마스터!$P$26-$D31,"#,##0")&")","")) | L31: =IF(OR(NOT(ISNUMBER($E31)),NOT(ISNUMBER(마스터!$P$24))),"",IF(AND(마스터!$P$24>=$E31,마스터!$P$24<=$F31,OR($F$22=0,마스터!$G$24>0)),마스터!$C$24&"("&IF(마스터!$P$24-$D31>=0,"+","")&TEXT(마스터!$P$24-$D31,"#,##0")&")","")) -> 100*80(-5,260) | M31: =IF(OR(NOT(ISNUMBER($E31)),NOT(ISNUMBER(마스터!$P$16))),"",IF(AND(마스터!$P$16>=$E31,마스터!$P$16<=$F31,OR($F$22=0,마스터!$G$16>0)),마스터!$C$16&"("&IF(마스터!$P$16-$D31>=0,"+","")&TEXT(마스터!$P$16-$D31,"#,##0")&")","")) | N31: =IF(OR(NOT(ISNUMBER($E31)),NOT(ISNUMBER(마스터!$P$27))),"",IF(AND(마스터!$P$27>=$E31,마스터!$P$27<=$F31,OR($F$22=0,마스터!$G$27>0)),마스터!$C$27&"("&IF(마스터!$P$27-$D31>=0,"+","")&TEXT(마스터!$P$27-$D31,"#,##0")&")","")) -> 100*150(-3,980) | O31: =IF(OR(NOT(ISNUMBER($E31)),NOT(ISNUMBER(마스터!$P$19))),"",IF(AND(마스터!$P$19>=$E31,마스터!$P$19<=$F31,OR($F$22=0,마스터!$G$19>0)),마스터!$C$19&"("&IF(마스터!$P$19-$D31>=0,"+","")&TEXT(마스터!$P$19-$D31,"#,##0")&")","")) | P31: =IF(OR(NOT(ISNUMBER($E31)),NOT(ISNUMBER(마스터!$P$20))),"",IF(AND(마스터!$P$20>=$E31,마스터!$P$20<=$F31,OR($F$22=0,마스터!$G$20>0)),마스터!$C$20&"("&IF(마스터!$P$20-$D31>=0,"+","")&TEXT(마스터!$P$20-$D31,"#,##0")&")","")) | Q31: =IF(OR(NOT(ISNUMBER($E31)),NOT(ISNUMBER(마스터!$P$25))),"",IF(AND(마스터!$P$25>=$E31,마스터!$P$25<=$F31,OR($F$22=0,마스터!$G$25>0)),마스터!$C$25&"("&IF(마스터!$P$25-$D31>=0,"+","")&TEXT(마스터!$P$25-$D31,"#,##0")&")","")) -> 100*90(-250) | S31: =IF(OR(NOT(ISNUMBER($E31)),NOT(ISNUMBER(마스터!$P$23))),"",IF(AND(마스터!$P$23>=$E31,마스터!$P$23<=$F31,OR($F$22=0,마스터!$G$23>0)),마스터!$C$23&"("&IF(마스터!$P$23-$D31>=0,"+","")&TEXT(마스터!$P$23-$D31,"#,##0")&")","")) | T31: =IF(OR(NOT(ISNUMBER($E31)),NOT(ISNUMBER(마스터!$P$17))),"",IF(AND(마스터!$P$17>=$E31,마스터!$P$17<=$F31,OR($F$22=0,마스터!$G$17>0)),마스터!$C$17&"("&IF(마스터!$P$17-$D31>=0,"+","")&TEXT(마스터!$P$17-$D31,"#,##0")&")","")) | U31: =IF(OR(NOT(ISNUMBER($E31)),NOT(ISNUMBER(마스터!$P$21))),"",IF(AND(마스터!$P$21>=$E31,마스터!$P$21<=$F31,OR($F$22=0,마스터!$G$21>0)),마스터!$C$21&"("&IF(마스터!$P$21-$D31>=0,"+","")&TEXT(마스터!$P$21-$D31,"#,##0")&")","")) -> 70*60(-7,010)
A32: 8 | B32: =마스터!B23 -> 유포지/품절 | C32: =마스터!C23 -> 100*70 | D32: =마스터!P23 -> 10590 | E32: =IF(ISNUMBER(D32),ROUNDDOWN(D32*(1+$F$20),-1),"") -> 5290 | F32: =IF(ISNUMBER(D32),ROUNDDOWN(D32*(1+$F$21),-1),"") -> 21180 | G32: =SUMPRODUCT(--(LEN(J32:AG32)>0)) -> 8 | H32: =IF(G32>0,_xlfn.TEXTJOIN(", ",TRUE(),J32:AG32),IF(ISNUMBER(D32),"옵션 가능한 사이즈 없음","가격 미정 — 판매가 입력 필요")) -> 100*80(-1,670), 100*150(-390), 60*40(-4,810), 70*50(-4,610), 100*90(+3,340), 100*35(+3,590), 40*20(-4,450), 70*60(-3,420) | J32: =IF(OR(NOT(ISNUMBER($E32)),NOT(ISNUMBER(마스터!$P$18))),"",IF(AND(마스터!$P$18>=$E32,마스터!$P$18<=$F32,OR($F$22=0,마스터!$G$18>0)),마스터!$C$18&"("&IF(마스터!$P$18-$D32>=0,"+","")&TEXT(마스터!$P$18-$D32,"#,##0")&")","")) | K32: =IF(OR(NOT(ISNUMBER($E32)),NOT(ISNUMBER(마스터!$P$26))),"",IF(AND(마스터!$P$26>=$E32,마스터!$P$26<=$F32,OR($F$22=0,마스터!$G$26>0)),마스터!$C$26&"("&IF(마스터!$P$26-$D32>=0,"+","")&TEXT(마스터!$P$26-$D32,"#,##0")&")","")) | L32: =IF(OR(NOT(ISNUMBER($E32)),NOT(ISNUMBER(마스터!$P$24))),"",IF(AND(마스터!$P$24>=$E32,마스터!$P$24<=$F32,OR($F$22=0,마스터!$G$24>0)),마스터!$C$24&"("&IF(마스터!$P$24-$D32>=0,"+","")&TEXT(마스터!$P$24-$D32,"#,##0")&")","")) -> 100*80(-1,670) | M32: =IF(OR(NOT(ISNUMBER($E32)),NOT(ISNUMBER(마스터!$P$16))),"",IF(AND(마스터!$P$16>=$E32,마스터!$P$16<=$F32,OR($F$22=0,마스터!$G$16>0)),마스터!$C$16&"("&IF(마스터!$P$16-$D32>=0,"+","")&TEXT(마스터!$P$16-$D32,"#,##0")&")","")) | N32: =IF(OR(NOT(ISNUMBER($E32)),NOT(ISNUMBER(마스터!$P$27))),"",IF(AND(마스터!$P$27>=$E32,마스터!$P$27<=$F32,OR($F$22=0,마스터!$G$27>0)),마스터!$C$27&"("&IF(마스터!$P$27-$D32>=0,"+","")&TEXT(마스터!$P$27-$D32,"#,##0")&")","")) -> 100*150(-390) | O32: =IF(OR(NOT(ISNUMBER($E32)),NOT(ISNUMBER(마스터!$P$19))),"",IF(AND(마스터!$P$19>=$E32,마스터!$P$19<=$F32,OR($F$22=0,마스터!$G$19>0)),마스터!$C$19&"("&IF(마스터!$P$19-$D32>=0,"+","")&TEXT(마스터!$P$19-$D32,"#,##0")&")","")) -> 60*40(-4,810) | P32: =IF(OR(NOT(ISNUMBER($E32)),NOT(ISNUMBER(마스터!$P$20))),"",IF(AND(마스터!$P$20>=$E32,마스터!$P$20<=$F32,OR($F$22=0,마스터!$G$20>0)),마스터!$C$20&"("&IF(마스터!$P$20-$D32>=0,"+","")&TEXT(마스터!$P$20-$D32,"#,##0")&")","")) -> 70*50(-4,610) | Q32: =IF(OR(NOT(ISNUMBER($E32)),NOT(ISNUMBER(마스터!$P$25))),"",IF(AND(마스터!$P$25>=$E32,마스터!$P$25<=$F32,OR($F$22=0,마스터!$G$25>0)),마스터!$C$25&"("&IF(마스터!$P$25-$D32>=0,"+","")&TEXT(마스터!$P$25-$D32,"#,##0")&")","")) -> 100*90(+3,340) | R32: =IF(OR(NOT(ISNUMBER($E32)),NOT(ISNUMBER(마스터!$P$22))),"",IF(AND(마스터!$P$22>=$E32,마스터!$P$22<=$F32,OR($F$22=0,마스터!$G$22>0)),마스터!$C$22&"("&IF(마스터!$P$22-$D32>=0,"+","")&TEXT(마스터!$P$22-$D32,"#,##0")&")","")) -> 100*35(+3,590) | T32: =IF(OR(NOT(ISNUMBER($E32)),NOT(ISNUMBER(마스터!$P$17))),"",IF(AND(마스터!$P$17>=$E32,마스터!$P$17<=$F32,OR($F$22=0,마스터!$G$17>0)),마스터!$C$17&"("&IF(마스터!$P$17-$D32>=0,"+","")&TEXT(마스터!$P$17-$D32,"#,##0")&")","")) -> 40*20(-4,450) | U32: =IF(OR(NOT(ISNUMBER($E32)),NOT(ISNUMBER(마스터!$P$21))),"",IF(AND(마스터!$P$21>=$E32,마스터!$P$21<=$F32,OR($F$22=0,마스터!$G$21>0)),마스터!$C$21&"("&IF(마스터!$P$21-$D32>=0,"+","")&TEXT(마스터!$P$21-$D32,"#,##0")&")","")) -> 70*60(-3,420)
A33: 9 | B33: =마스터!B24 -> 유포지 | C33: =마스터!C24 -> 100*80 | D33: =마스터!P24 -> 8920 | E33: =IF(ISNUMBER(D33),ROUNDDOWN(D33*(1+$F$20),-1),"") -> 4460 | F33: =IF(ISNUMBER(D33),ROUNDDOWN(D33*(1+$F$21),-1),"") -> 17840 | G33: =SUMPRODUCT(--(LEN(J33:AG33)>0)) -> 8 | H33: =IF(G33>0,_xlfn.TEXTJOIN(", ",TRUE(),J33:AG33),IF(ISNUMBER(D33),"옵션 가능한 사이즈 없음","가격 미정 — 판매가 입력 필요")) -> 30*15(-3,900), 100*150(+1,280), 60*40(-3,140), 70*50(-2,940), 100*90(+5,010), 100*35(+5,260), 40*20(-2,780), 70*60(-1,750) | J33: =IF(OR(NOT(ISNUMBER($E33)),NOT(ISNUMBER(마스터!$P$18))),"",IF(AND(마스터!$P$18>=$E33,마스터!$P$18<=$F33,OR($F$22=0,마스터!$G$18>0)),마스터!$C$18&"("&IF(마스터!$P$18-$D33>=0,"+","")&TEXT(마스터!$P$18-$D33,"#,##0")&")","")) | K33: =IF(OR(NOT(ISNUMBER($E33)),NOT(ISNUMBER(마스터!$P$26))),"",IF(AND(마스터!$P$26>=$E33,마스터!$P$26<=$F33,OR($F$22=0,마스터!$G$26>0)),마스터!$C$26&"("&IF(마스터!$P$26-$D33>=0,"+","")&TEXT(마스터!$P$26-$D33,"#,##0")&")","")) | M33: =IF(OR(NOT(ISNUMBER($E33)),NOT(ISNUMBER(마스터!$P$16))),"",IF(AND(마스터!$P$16>=$E33,마스터!$P$16<=$F33,OR($F$22=0,마스터!$G$16>0)),마스터!$C$16&"("&IF(마스터!$P$16-$D33>=0,"+","")&TEXT(마스터!$P$16-$D33,"#,##0")&")","")) -> 30*15(-3,900) | N33: =IF(OR(NOT(ISNUMBER($E33)),NOT(ISNUMBER(마스터!$P$27))),"",IF(AND(마스터!$P$27>=$E33,마스터!$P$27<=$F33,OR($F$22=0,마스터!$G$27>0)),마스터!$C$27&"("&IF(마스터!$P$27-$D33>=0,"+","")&TEXT(마스터!$P$27-$D33,"#,##0")&")","")) -> 100*150(+1,280) | O33: =IF(OR(NOT(ISNUMBER($E33)),NOT(ISNUMBER(마스터!$P$19))),"",IF(AND(마스터!$P$19>=$E33,마스터!$P$19<=$F33,OR($F$22=0,마스터!$G$19>0)),마스터!$C$19&"("&IF(마스터!$P$19-$D33>=0,"+","")&TEXT(마스터!$P$19-$D33,"#,##0")&")","")) -> 60*40(-3,140) | P33: =IF(OR(NOT(ISNUMBER($E33)),NOT(ISNUMBER(마스터!$P$20))),"",IF(AND(마스터!$P$20>=$E33,마스터!$P$20<=$F33,OR($F$22=0,마스터!$G$20>0)),마스터!$C$20&"("&IF(마스터!$P$20-$D33>=0,"+","")&TEXT(마스터!$P$20-$D33,"#,##0")&")","")) -> 70*50(-2,940) | Q33: =IF(OR(NOT(ISNUMBER($E33)),NOT(ISNUMBER(마스터!$P$25))),"",IF(AND(마스터!$P$25>=$E33,마스터!$P$25<=$F33,OR($F$22=0,마스터!$G$25>0)),마스터!$C$25&"("&IF(마스터!$P$25-$D33>=0,"+","")&TEXT(마스터!$P$25-$D33,"#,##0")&")","")) -> 100*90(+5,010) | R33: =IF(OR(NOT(ISNUMBER($E33)),NOT(ISNUMBER(마스터!$P$22))),"",IF(AND(마스터!$P$22>=$E33,마스터!$P$22<=$F33,OR($F$22=0,마스터!$G$22>0)),마스터!$C$22&"("&IF(마스터!$P$22-$D33>=0,"+","")&TEXT(마스터!$P$22-$D33,"#,##0")&")","")) -> 100*35(+5,260) | S33: =IF(OR(NOT(ISNUMBER($E33)),NOT(ISNUMBER(마스터!$P$23))),"",IF(AND(마스터!$P$23>=$E33,마스터!$P$23<=$F33,OR($F$22=0,마스터!$G$23>0)),마스터!$C$23&"("&IF(마스터!$P$23-$D33>=0,"+","")&TEXT(마스터!$P$23-$D33,"#,##0")&")","")) | T33: =IF(OR(NOT(ISNUMBER($E33)),NOT(ISNUMBER(마스터!$P$17))),"",IF(AND(마스터!$P$17>=$E33,마스터!$P$17<=$F33,OR($F$22=0,마스터!$G$17>0)),마스터!$C$17&"("&IF(마스터!$P$17-$D33>=0,"+","")&TEXT(마스터!$P$17-$D33,"#,##0")&")","")) -> 40*20(-2,780) | U33: =IF(OR(NOT(ISNUMBER($E33)),NOT(ISNUMBER(마스터!$P$21))),"",IF(AND(마스터!$P$21>=$E33,마스터!$P$21<=$F33,OR($F$22=0,마스터!$G$21>0)),마스터!$C$21&"("&IF(마스터!$P$21-$D33>=0,"+","")&TEXT(마스터!$P$21-$D33,"#,##0")&")","")) -> 70*60(-1,750)
A34: 10 | B34: =마스터!B25 -> 유포지 | C34: =마스터!C25 -> 100*90 | D34: =마스터!P25 -> 13930 | E34: =IF(ISNUMBER(D34),ROUNDDOWN(D34*(1+$F$20),-1),"") -> 6960 | F34: =IF(ISNUMBER(D34),ROUNDDOWN(D34*(1+$F$21),-1),"") -> 27860 | G34: =SUMPRODUCT(--(LEN(J34:AG34)>0)) -> 4 | H34: =IF(G34>0,_xlfn.TEXTJOIN(", ",TRUE(),J34:AG34),IF(ISNUMBER(D34),"옵션 가능한 사이즈 없음","가격 미정 — 판매가 입력 필요")) -> 100*80(-5,010), 100*150(-3,730), 100*35(+250), 70*60(-6,760) | J34: =IF(OR(NOT(ISNUMBER($E34)),NOT(ISNUMBER(마스터!$P$18))),"",IF(AND(마스터!$P$18>=$E34,마스터!$P$18<=$F34,OR($F$22=0,마스터!$G$18>0)),마스터!$C$18&"("&IF(마스터!$P$18-$D34>=0,"+","")&TEXT(마스터!$P$18-$D34,"#,##0")&")","")) | K34: =IF(OR(NOT(ISNUMBER($E34)),NOT(ISNUMBER(마스터!$P$26))),"",IF(AND(마스터!$P$26>=$E34,마스터!$P$26<=$F34,OR($F$22=0,마스터!$G$26>0)),마스터!$C$26&"("&IF(마스터!$P$26-$D34>=0,"+","")&TEXT(마스터!$P$26-$D34,"#,##0")&")","")) | L34: =IF(OR(NOT(ISNUMBER($E34)),NOT(ISNUMBER(마스터!$P$24))),"",IF(AND(마스터!$P$24>=$E34,마스터!$P$24<=$F34,OR($F$22=0,마스터!$G$24>0)),마스터!$C$24&"("&IF(마스터!$P$24-$D34>=0,"+","")&TEXT(마스터!$P$24-$D34,"#,##0")&")","")) -> 100*80(-5,010) | M34: =IF(OR(NOT(ISNUMBER($E34)),NOT(ISNUMBER(마스터!$P$16))),"",IF(AND(마스터!$P$16>=$E34,마스터!$P$16<=$F34,OR($F$22=0,마스터!$G$16>0)),마스터!$C$16&"("&IF(마스터!$P$16-$D34>=0,"+","")&TEXT(마스터!$P$16-$D34,"#,##0")&")","")) | N34: =IF(OR(NOT(ISNUMBER($E34)),NOT(ISNUMBER(마스터!$P$27))),"",IF(AND(마스터!$P$27>=$E34,마스터!$P$27<=$F34,OR($F$22=0,마스터!$G$27>0)),마스터!$C$27&"("&IF(마스터!$P$27-$D34>=0,"+","")&TEXT(마스터!$P$27-$D34,"#,##0")&")","")) -> 100*150(-3,730) | O34: =IF(OR(NOT(ISNUMBER($E34)),NOT(ISNUMBER(마스터!$P$19))),"",IF(AND(마스터!$P$19>=$E34,마스터!$P$19<=$F34,OR($F$22=0,마스터!$G$19>0)),마스터!$C$19&"("&IF(마스터!$P$19-$D34>=0,"+","")&TEXT(마스터!$P$19-$D34,"#,##0")&")","")) | P34: =IF(OR(NOT(ISNUMBER($E34)),NOT(ISNUMBER(마스터!$P$20))),"",IF(AND(마스터!$P$20>=$E34,마스터!$P$20<=$F34,OR($F$22=0,마스터!$G$20>0)),마스터!$C$20&"("&IF(마스터!$P$20-$D34>=0,"+","")&TEXT(마스터!$P$20-$D34,"#,##0")&")","")) | R34: =IF(OR(NOT(ISNUMBER($E34)),NOT(ISNUMBER(마스터!$P$22))),"",IF(AND(마스터!$P$22>=$E34,마스터!$P$22<=$F34,OR($F$22=0,마스터!$G$22>0)),마스터!$C$22&"("&IF(마스터!$P$22-$D34>=0,"+","")&TEXT(마스터!$P$22-$D34,"#,##0")&")","")) -> 100*35(+250) | S34: =IF(OR(NOT(ISNUMBER($E34)),NOT(ISNUMBER(마스터!$P$23))),"",IF(AND(마스터!$P$23>=$E34,마스터!$P$23<=$F34,OR($F$22=0,마스터!$G$23>0)),마스터!$C$23&"("&IF(마스터!$P$23-$D34>=0,"+","")&TEXT(마스터!$P$23-$D34,"#,##0")&")","")) | T34: =IF(OR(NOT(ISNUMBER($E34)),NOT(ISNUMBER(마스터!$P$17))),"",IF(AND(마스터!$P$17>=$E34,마스터!$P$17<=$F34,OR($F$22=0,마스터!$G$17>0)),마스터!$C$17&"("&IF(마스터!$P$17-$D34>=0,"+","")&TEXT(마스터!$P$17-$D34,"#,##0")&")","")) | U34: =IF(OR(NOT(ISNUMBER($E34)),NOT(ISNUMBER(마스터!$P$21))),"",IF(AND(마스터!$P$21>=$E34,마스터!$P$21<=$F34,OR($F$22=0,마스터!$G$21>0)),마스터!$C$21&"("&IF(마스터!$P$21-$D34>=0,"+","")&TEXT(마스터!$P$21-$D34,"#,##0")&")","")) -> 70*60(-6,760)
A35: 11 | B35: =마스터!B26 -> 유포지/품절 | C35: =마스터!C26 -> 100*100 | D35: =마스터!P26 -> 8490 | E35: =IF(ISNUMBER(D35),ROUNDDOWN(D35*(1+$F$20),-1),"") -> 4240 | F35: =IF(ISNUMBER(D35),ROUNDDOWN(D35*(1+$F$21),-1),"") -> 16980 | G35: =SUMPRODUCT(--(LEN(J35:AG35)>0)) -> 9 | H35: =IF(G35>0,_xlfn.TEXTJOIN(", ",TRUE(),J35:AG35),IF(ISNUMBER(D35),"옵션 가능한 사이즈 없음","가격 미정 — 판매가 입력 필요")) -> 100*80(+430), 30*15(-3,470), 100*150(+1,710), 60*40(-2,710), 70*50(-2,510), 100*90(+5,440), 100*35(+5,690), 40*20(-2,350), 70*60(-1,320) | J35: =IF(OR(NOT(ISNUMBER($E35)),NOT(ISNUMBER(마스터!$P$18))),"",IF(AND(마스터!$P$18>=$E35,마스터!$P$18<=$F35,OR($F$22=0,마스터!$G$18>0)),마스터!$C$18&"("&IF(마스터!$P$18-$D35>=0,"+","")&TEXT(마스터!$P$18-$D35,"#,##0")&")","")) | L35: =IF(OR(NOT(ISNUMBER($E35)),NOT(ISNUMBER(마스터!$P$24))),"",IF(AND(마스터!$P$24>=$E35,마스터!$P$24<=$F35,OR($F$22=0,마스터!$G$24>0)),마스터!$C$24&"("&IF(마스터!$P$24-$D35>=0,"+","")&TEXT(마스터!$P$24-$D35,"#,##0")&")","")) -> 100*80(+430) | M35: =IF(OR(NOT(ISNUMBER($E35)),NOT(ISNUMBER(마스터!$P$16))),"",IF(AND(마스터!$P$16>=$E35,마스터!$P$16<=$F35,OR($F$22=0,마스터!$G$16>0)),마스터!$C$16&"("&IF(마스터!$P$16-$D35>=0,"+","")&TEXT(마스터!$P$16-$D35,"#,##0")&")","")) -> 30*15(-3,470) | N35: =IF(OR(NOT(ISNUMBER($E35)),NOT(ISNUMBER(마스터!$P$27))),"",IF(AND(마스터!$P$27>=$E35,마스터!$P$27<=$F35,OR($F$22=0,마스터!$G$27>0)),마스터!$C$27&"("&IF(마스터!$P$27-$D35>=0,"+","")&TEXT(마스터!$P$27-$D35,"#,##0")&")","")) -> 100*150(+1,710) | O35: =IF(OR(NOT(ISNUMBER($E35)),NOT(ISNUMBER(마스터!$P$19))),"",IF(AND(마스터!$P$19>=$E35,마스터!$P$19<=$F35,OR($F$22=0,마스터!$G$19>0)),마스터!$C$19&"("&IF(마스터!$P$19-$D35>=0,"+","")&TEXT(마스터!$P$19-$D35,"#,##0")&")","")) -> 60*40(-2,710) | P35: =IF(OR(NOT(ISNUMBER($E35)),NOT(ISNUMBER(마스터!$P$20))),"",IF(AND(마스터!$P$20>=$E35,마스터!$P$20<=$F35,OR($F$22=0,마스터!$G$20>0)),마스터!$C$20&"("&IF(마스터!$P$20-$D35>=0,"+","")&TEXT(마스터!$P$20-$D35,"#,##0")&")","")) -> 70*50(-2,510) | Q35: =IF(OR(NOT(ISNUMBER($E35)),NOT(ISNUMBER(마스터!$P$25))),"",IF(AND(마스터!$P$25>=$E35,마스터!$P$25<=$F35,OR($F$22=0,마스터!$G$25>0)),마스터!$C$25&"("&IF(마스터!$P$25-$D35>=0,"+","")&TEXT(마스터!$P$25-$D35,"#,##0")&")","")) -> 100*90(+5,440) | R35: =IF(OR(NOT(ISNUMBER($E35)),NOT(ISNUMBER(마스터!$P$22))),"",IF(AND(마스터!$P$22>=$E35,마스터!$P$22<=$F35,OR($F$22=0,마스터!$G$22>0)),마스터!$C$22&"("&IF(마스터!$P$22-$D35>=0,"+","")&TEXT(마스터!$P$22-$D35,"#,##0")&")","")) -> 100*35(+5,690) | S35: =IF(OR(NOT(ISNUMBER($E35)),NOT(ISNUMBER(마스터!$P$23))),"",IF(AND(마스터!$P$23>=$E35,마스터!$P$23<=$F35,OR($F$22=0,마스터!$G$23>0)),마스터!$C$23&"("&IF(마스터!$P$23-$D35>=0,"+","")&TEXT(마스터!$P$23-$D35,"#,##0")&")","")) | T35: =IF(OR(NOT(ISNUMBER($E35)),NOT(ISNUMBER(마스터!$P$17))),"",IF(AND(마스터!$P$17>=$E35,마스터!$P$17<=$F35,OR($F$22=0,마스터!$G$17>0)),마스터!$C$17&"("&IF(마스터!$P$17-$D35>=0,"+","")&TEXT(마스터!$P$17-$D35,"#,##0")&")","")) -> 40*20(-2,350) | U35: =IF(OR(NOT(ISNUMBER($E35)),NOT(ISNUMBER(마스터!$P$21))),"",IF(AND(마스터!$P$21>=$E35,마스터!$P$21<=$F35,OR($F$22=0,마스터!$G$21>0)),마스터!$C$21&"("&IF(마스터!$P$21-$D35>=0,"+","")&TEXT(마스터!$P$21-$D35,"#,##0")&")","")) -> 70*60(-1,320)
A36: 12 | B36: =마스터!B27 -> 유포지 | C36: =마스터!C27 -> 100*150 | D36: =마스터!P27 -> 10200 | E36: =IF(ISNUMBER(D36),ROUNDDOWN(D36*(1+$F$20),-1),"") -> 5100 | F36: =IF(ISNUMBER(D36),ROUNDDOWN(D36*(1+$F$21),-1),"") -> 20400 | G36: =SUMPRODUCT(--(LEN(J36:AG36)>0)) -> 7 | H36: =IF(G36>0,_xlfn.TEXTJOIN(", ",TRUE(),J36:AG36),IF(ISNUMBER(D36),"옵션 가능한 사이즈 없음","가격 미정 — 판매가 입력 필요")) -> 100*80(-1,280), 60*40(-4,420), 70*50(-4,220), 100*90(+3,730), 100*35(+3,980), 40*20(-4,060), 70*60(-3,030) | J36: =IF(OR(NOT(ISNUMBER($E36)),NOT(ISNUMBER(마스터!$P$18))),"",IF(AND(마스터!$P$18>=$E36,마스터!$P$18<=$F36,OR($F$22=0,마스터!$G$18>0)),마스터!$C$18&"("&IF(마스터!$P$18-$D36>=0,"+","")&TEXT(마스터!$P$18-$D36,"#,##0")&")","")) | K36: =IF(OR(NOT(ISNUMBER($E36)),NOT(ISNUMBER(마스터!$P$26))),"",IF(AND(마스터!$P$26>=$E36,마스터!$P$26<=$F36,OR($F$22=0,마스터!$G$26>0)),마스터!$C$26&"("&IF(마스터!$P$26-$D36>=0,"+","")&TEXT(마스터!$P$26-$D36,"#,##0")&")","")) | L36: =IF(OR(NOT(ISNUMBER($E36)),NOT(ISNUMBER(마스터!$P$24))),"",IF(AND(마스터!$P$24>=$E36,마스터!$P$24<=$F36,OR($F$22=0,마스터!$G$24>0)),마스터!$C$24&"("&IF(마스터!$P$24-$D36>=0,"+","")&TEXT(마스터!$P$24-$D36,"#,##0")&")","")) -> 100*80(-1,280) | M36: =IF(OR(NOT(ISNUMBER($E36)),NOT(ISNUMBER(마스터!$P$16))),"",IF(AND(마스터!$P$16>=$E36,마스터!$P$16<=$F36,OR($F$22=0,마스터!$G$16>0)),마스터!$C$16&"("&IF(마스터!$P$16-$D36>=0,"+","")&TEXT(마스터!$P$16-$D36,"#,##0")&")","")) | O36: =IF(OR(NOT(ISNUMBER($E36)),NOT(ISNUMBER(마스터!$P$19))),"",IF(AND(마스터!$P$19>=$E36,마스터!$P$19<=$F36,OR($F$22=0,마스터!$G$19>0)),마스터!$C$19&"("&IF(마스터!$P$19-$D36>=0,"+","")&TEXT(마스터!$P$19-$D36,"#,##0")&")","")) -> 60*40(-4,420) | P36: =IF(OR(NOT(ISNUMBER($E36)),NOT(ISNUMBER(마스터!$P$20))),"",IF(AND(마스터!$P$20>=$E36,마스터!$P$20<=$F36,OR($F$22=0,마스터!$G$20>0)),마스터!$C$20&"("&IF(마스터!$P$20-$D36>=0,"+","")&TEXT(마스터!$P$20-$D36,"#,##0")&")","")) -> 70*50(-4,220) | Q36: =IF(OR(NOT(ISNUMBER($E36)),NOT(ISNUMBER(마스터!$P$25))),"",IF(AND(마스터!$P$25>=$E36,마스터!$P$25<=$F36,OR($F$22=0,마스터!$G$25>0)),마스터!$C$25&"("&IF(마스터!$P$25-$D36>=0,"+","")&TEXT(마스터!$P$25-$D36,"#,##0")&")","")) -> 100*90(+3,730) | R36: =IF(OR(NOT(ISNUMBER($E36)),NOT(ISNUMBER(마스터!$P$22))),"",IF(AND(마스터!$P$22>=$E36,마스터!$P$22<=$F36,OR($F$22=0,마스터!$G$22>0)),마스터!$C$22&"("&IF(마스터!$P$22-$D36>=0,"+","")&TEXT(마스터!$P$22-$D36,"#,##0")&")","")) -> 100*35(+3,980) | S36: =IF(OR(NOT(ISNUMBER($E36)),NOT(ISNUMBER(마스터!$P$23))),"",IF(AND(마스터!$P$23>=$E36,마스터!$P$23<=$F36,OR($F$22=0,마스터!$G$23>0)),마스터!$C$23&"("&IF(마스터!$P$23-$D36>=0,"+","")&TEXT(마스터!$P$23-$D36,"#,##0")&")","")) | T36: =IF(OR(NOT(ISNUMBER($E36)),NOT(ISNUMBER(마스터!$P$17))),"",IF(AND(마스터!$P$17>=$E36,마스터!$P$17<=$F36,OR($F$22=0,마스터!$G$17>0)),마스터!$C$17&"("&IF(마스터!$P$17-$D36>=0,"+","")&TEXT(마스터!$P$17-$D36,"#,##0")&")","")) -> 40*20(-4,060) | U36: =IF(OR(NOT(ISNUMBER($E36)),NOT(ISNUMBER(마스터!$P$21))),"",IF(AND(마스터!$P$21>=$E36,마스터!$P$21<=$F36,OR($F$22=0,마스터!$G$21>0)),마스터!$C$21&"("&IF(마스터!$P$21-$D36>=0,"+","")&TEXT(마스터!$P$21-$D36,"#,##0")&")","")) -> 70*60(-3,030)

Sheet 유포지  옵션구성
B1: 30*15 | C1: 60*40 | D1: 70*50 | E1: 40*20 | F1: 70*60 | G1: 100*100/품절 | H1: 100*80 | I1: 100*150 | J1: 100*70/품절 | W1: 100*90 | X1: 100*35 | Y1: 50*30/품절
A2: 30*15 | B2: 5020 | C2: 5780 | D2: 5980 | E2: 6140 | F2: 7170 | G2: 8490 | H2: 8920 | I2: 10200 | J2: 10590 | W2: 13930 | X2: 14180
A3: 60*40 | B3: 5780 | C3: 5780 | D3: 5780 | E3: 5780 | F3: 5780 | H3: 5780 | I3: 5780 | W3: 5780 | X3: 5780
A4: 70*50 | B4: =D2 -> 5980 | C4: 5980 | D4: 5980 | E4: 5980 | F4: 5980 | H4: 5980 | I4: 5980 | W4: 5980 | X4: 5980
A5: 40*20 | B5: =E2 -> 6140 | C5: 6140 | D5: 6140 | E5: 6140 | F5: 6140 | H5: 6140 | I5: 6140 | W5: 6140 | X5: 6140
A6: 70*60 | B6: =F2 -> 7170 | C6: 7170 | D6: 7170 | E6: 7170 | F6: 7170 | H6: 7170 | I6: 7170 | W6: 7170 | X6: 7170
A7: 100*100/품절
A8: 100*80 | B8: 8920 | C8: 8920 | D8: 8920 | E8: 8920 | F8: 8920 | H8: 8920 | I8: 8920 | W8: 8920 | X8: 8920
A9: 100*150 | B9: 10200 | C9: 10200 | D9: 10200 | E9: 10200 | F9: 10200 | H9: 10200 | I9: 10200 | W9: 10200 | X9: 10200
A10: 100*70/품절
A11: 100*90 | D11: 13930 | E11: 13930 | F11: 13930 | H11: 13930 | I11: 13930 | W11: 13930 | X11: 13930
A12: 100*35 | H12: 14180 | I12: 14180 | W12: 14180 | X12: 14180
A13: 50*30/품절
A14: 최대옵션가 | B14: =B2*2 -> 10040 | C14: =C2*2 -> 11560 | D14: =D2*2 -> 11960 | E14: =E2*2 -> 12280 | F14: =F2*2 -> 14340 | G14: =G2*2 -> 16980 | H14: =H2*2 -> 17840 | I14: =I2*2 -> 20400 | J14: =J2*2 -> 21180 | W14: =W2*2 -> 27860 | X14: =X2*2 -> 28360
A16: 라벨별 옵션 구성 — 각 라벨을 대표가(기준)로 잡았을 때 옵션으로 함께 넣을 수 있는 사이즈 종류·개수
A17: 옵션추가금액 하한(대표가 대비) | F17: -0.5
A18: 옵션추가금액 상한(대표가 대비) | F18: 1
A19: 품절(재고 0) 사이즈 옵션 제외 (1=제외, 0=포함) | F19: 1
A21: No | B21: 재질 | C21: 규격 | D21: 대표가 (등록가, 부가세 포함) | E21: 옵션가 하한 (최소 판매가) | F21: 옵션가 상한 (최대 판매가) | G21: 옵션 가능 수 (개) | H21: 옵션 종류 (옵션추가금액) | K21: =마스터!C26 -> 100*100 | L21: =마스터!C24 -> 100*80 | M21: =마스터!C16 -> 30*15 | N21: =마스터!C27 -> 100*150 | O21: =마스터!C19 -> 60*40 | P21: =마스터!C20 -> 70*50 | Q21: =마스터!C25 -> 100*90 | R21: =마스터!C22 -> 100*35 | S21: =마스터!C23 -> 100*70 | T21: =마스터!C17 -> 40*20 | U21: =마스터!C21 -> 70*60 | AA21: =마스터!C18 -> 50*30
A22: 1 | B22: =마스터!B18 -> 유포지/품절 | C22: =마스터!C18 -> 50*30 | D22: =마스터!P18 | E22: =IF(ISNUMBER(D22),ROUNDDOWN(D22*(1+$F$17),-1),"") | F22: =IF(ISNUMBER(D22),ROUNDDOWN(D22*(1+$F$18),-1),"") | G22: =SUMPRODUCT(--(LEN(J22:AG22)>0)) -> 0 | H22: 품절 | K22: =IF(OR(NOT(ISNUMBER($E22)),NOT(ISNUMBER(마스터!$P$26))),"",IF(AND(마스터!$P$26>=$E22,마스터!$P$26<=$F22,OR($F$19=0,마스터!$G$26>0)),마스터!$C$26&"("&IF(마스터!$P$26-$D22>=0,"+","")&TEXT(마스터!$P$26-$D22,"#,##0")&")","")) | L22: =IF(OR(NOT(ISNUMBER($E22)),NOT(ISNUMBER(마스터!$P$24))),"",IF(AND(마스터!$P$24>=$E22,마스터!$P$24<=$F22,OR($F$19=0,마스터!$G$24>0)),마스터!$C$24&"("&IF(마스터!$P$24-$D22>=0,"+","")&TEXT(마스터!$P$24-$D22,"#,##0")&")","")) | M22: =IF(OR(NOT(ISNUMBER($E22)),NOT(ISNUMBER(마스터!$P$16))),"",IF(AND(마스터!$P$16>=$E22,마스터!$P$16<=$F22,OR($F$19=0,마스터!$G$16>0)),마스터!$C$16&"("&IF(마스터!$P$16-$D22>=0,"+","")&TEXT(마스터!$P$16-$D22,"#,##0")&")","")) | N22: =IF(OR(NOT(ISNUMBER($E22)),NOT(ISNUMBER(마스터!$P$27))),"",IF(AND(마스터!$P$27>=$E22,마스터!$P$27<=$F22,OR($F$19=0,마스터!$G$27>0)),마스터!$C$27&"("&IF(마스터!$P$27-$D22>=0,"+","")&TEXT(마스터!$P$27-$D22,"#,##0")&")","")) | O22: =IF(OR(NOT(ISNUMBER($E22)),NOT(ISNUMBER(마스터!$P$19))),"",IF(AND(마스터!$P$19>=$E22,마스터!$P$19<=$F22,OR($F$19=0,마스터!$G$19>0)),마스터!$C$19&"("&IF(마스터!$P$19-$D22>=0,"+","")&TEXT(마스터!$P$19-$D22,"#,##0")&")","")) | P22: =IF(OR(NOT(ISNUMBER($E22)),NOT(ISNUMBER(마스터!$P$20))),"",IF(AND(마스터!$P$20>=$E22,마스터!$P$20<=$F22,OR($F$19=0,마스터!$G$20>0)),마스터!$C$20&"("&IF(마스터!$P$20-$D22>=0,"+","")&TEXT(마스터!$P$20-$D22,"#,##0")&")","")) | Q22: =IF(OR(NOT(ISNUMBER($E22)),NOT(ISNUMBER(마스터!$P$25))),"",IF(AND(마스터!$P$25>=$E22,마스터!$P$25<=$F22,OR($F$19=0,마스터!$G$25>0)),마스터!$C$25&"("&IF(마스터!$P$25-$D22>=0,"+","")&TEXT(마스터!$P$25-$D22,"#,##0")&")","")) | R22: =IF(OR(NOT(ISNUMBER($E22)),NOT(ISNUMBER(마스터!$P$22))),"",IF(AND(마스터!$P$22>=$E22,마스터!$P$22<=$F22,OR($F$19=0,마스터!$G$22>0)),마스터!$C$22&"("&IF(마스터!$P$22-$D22>=0,"+","")&TEXT(마스터!$P$22-$D22,"#,##0")&")","")) | S22: =IF(OR(NOT(ISNUMBER($E22)),NOT(ISNUMBER(마스터!$P$23))),"",IF(AND(마스터!$P$23>=$E22,마스터!$P$23<=$F22,OR($F$19=0,마스터!$G$23>0)),마스터!$C$23&"("&IF(마스터!$P$23-$D22>=0,"+","")&TEXT(마스터!$P$23-$D22,"#,##0")&")","")) | T22: =IF(OR(NOT(ISNUMBER($E22)),NOT(ISNUMBER(마스터!$P$17))),"",IF(AND(마스터!$P$17>=$E22,마스터!$P$17<=$F22,OR($F$19=0,마스터!$G$17>0)),마스터!$C$17&"("&IF(마스터!$P$17-$D22>=0,"+","")&TEXT(마스터!$P$17-$D22,"#,##0")&")","")) | U22: =IF(OR(NOT(ISNUMBER($E22)),NOT(ISNUMBER(마스터!$P$21))),"",IF(AND(마스터!$P$21>=$E22,마스터!$P$21<=$F22,OR($F$19=0,마스터!$G$21>0)),마스터!$C$21&"("&IF(마스터!$P$21-$D22>=0,"+","")&TEXT(마스터!$P$21-$D22,"#,##0")&")",""))
A23: 2 | B23: =마스터!B26 -> 유포지/품절 | C23: =마스터!C26 -> 100*100 | D23: =마스터!P26 -> 8490 | E23: =IF(ISNUMBER(D23),ROUNDDOWN(D23*(1+$F$17),-1),"") -> 4240 | F23: =IF(ISNUMBER(D23),ROUNDDOWN(D23*(1+$F$18),-1),"") -> 16980 | G23: =SUMPRODUCT(--(LEN(J23:AG23)>0)) -> 9 | H23: =IF(G23>0,_xlfn.TEXTJOIN(", ",TRUE(),J23:AG23),IF(ISNUMBER(D23),"옵션 가능한 사이즈 없음","가격 미정 — 판매가 입력 필요")) -> 100*80(+430), 30*15(-3,470), 100*150(+1,710), 60*40(-2,710), 70*50(-2,510), 100*90(+5,440), 100*35(+5,690), 40*20(-2,350), 70*60(-1,320) | J23: =IF(OR(NOT(ISNUMBER($E23)),NOT(ISNUMBER(마스터!$P$18))),"",IF(AND(마스터!$P$18>=$E23,마스터!$P$18<=$F23,OR($F$19=0,마스터!$G$18>0)),마스터!$C$18&"("&IF(마스터!$P$18-$D23>=0,"+","")&TEXT(마스터!$P$18-$D23,"#,##0")&")","")) | L23: =IF(OR(NOT(ISNUMBER($E23)),NOT(ISNUMBER(마스터!$P$24))),"",IF(AND(마스터!$P$24>=$E23,마스터!$P$24<=$F23,OR($F$19=0,마스터!$G$24>0)),마스터!$C$24&"("&IF(마스터!$P$24-$D23>=0,"+","")&TEXT(마스터!$P$24-$D23,"#,##0")&")","")) -> 100*80(+430) | M23: =IF(OR(NOT(ISNUMBER($E23)),NOT(ISNUMBER(마스터!$P$16))),"",IF(AND(마스터!$P$16>=$E23,마스터!$P$16<=$F23,OR($F$19=0,마스터!$G$16>0)),마스터!$C$16&"("&IF(마스터!$P$16-$D23>=0,"+","")&TEXT(마스터!$P$16-$D23,"#,##0")&")","")) -> 30*15(-3,470) | N23: =IF(OR(NOT(ISNUMBER($E23)),NOT(ISNUMBER(마스터!$P$27))),"",IF(AND(마스터!$P$27>=$E23,마스터!$P$27<=$F23,OR($F$19=0,마스터!$G$27>0)),마스터!$C$27&"("&IF(마스터!$P$27-$D23>=0,"+","")&TEXT(마스터!$P$27-$D23,"#,##0")&")","")) -> 100*150(+1,710) | O23: =IF(OR(NOT(ISNUMBER($E23)),NOT(ISNUMBER(마스터!$P$19))),"",IF(AND(마스터!$P$19>=$E23,마스터!$P$19<=$F23,OR($F$19=0,마스터!$G$19>0)),마스터!$C$19&"("&IF(마스터!$P$19-$D23>=0,"+","")&TEXT(마스터!$P$19-$D23,"#,##0")&")","")) -> 60*40(-2,710) | P23: =IF(OR(NOT(ISNUMBER($E23)),NOT(ISNUMBER(마스터!$P$20))),"",IF(AND(마스터!$P$20>=$E23,마스터!$P$20<=$F23,OR($F$19=0,마스터!$G$20>0)),마스터!$C$20&"("&IF(마스터!$P$20-$D23>=0,"+","")&TEXT(마스터!$P$20-$D23,"#,##0")&")","")) -> 70*50(-2,510) | Q23: =IF(OR(NOT(ISNUMBER($E23)),NOT(ISNUMBER(마스터!$P$25))),"",IF(AND(마스터!$P$25>=$E23,마스터!$P$25<=$F23,OR($F$19=0,마스터!$G$25>0)),마스터!$C$25&"("&IF(마스터!$P$25-$D23>=0,"+","")&TEXT(마스터!$P$25-$D23,"#,##0")&")","")) -> 100*90(+5,440) | R23: =IF(OR(NOT(ISNUMBER($E23)),NOT(ISNUMBER(마스터!$P$22))),"",IF(AND(마스터!$P$22>=$E23,마스터!$P$22<=$F23,OR($F$19=0,마스터!$G$22>0)),마스터!$C$22&"("&IF(마스터!$P$22-$D23>=0,"+","")&TEXT(마스터!$P$22-$D23,"#,##0")&")","")) -> 100*35(+5,690) | S23: =IF(OR(NOT(ISNUMBER($E23)),NOT(ISNUMBER(마스터!$P$23))),"",IF(AND(마스터!$P$23>=$E23,마스터!$P$23<=$F23,OR($F$19=0,마스터!$G$23>0)),마스터!$C$23&"("&IF(마스터!$P$23-$D23>=0,"+","")&TEXT(마스터!$P$23-$D23,"#,##0")&")","")) | T23: =IF(OR(NOT(ISNUMBER($E23)),NOT(ISNUMBER(마스터!$P$17))),"",IF(AND(마스터!$P$17>=$E23,마스터!$P$17<=$F23,OR($F$19=0,마스터!$G$17>0)),마스터!$C$17&"("&IF(마스터!$P$17-$D23>=0,"+","")&TEXT(마스터!$P$17-$D23,"#,##0")&")","")) -> 40*20(-2,350) | U23: =IF(OR(NOT(ISNUMBER($E23)),NOT(ISNUMBER(마스터!$P$21))),"",IF(AND(마스터!$P$21>=$E23,마스터!$P$21<=$F23,OR($F$19=0,마스터!$G$21>0)),마스터!$C$21&"("&IF(마스터!$P$21-$D23>=0,"+","")&TEXT(마스터!$P$21-$D23,"#,##0")&")","")) -> 70*60(-1,320)
A24: 3 | B24: =마스터!B24 -> 유포지 | C24: =마스터!C24 -> 100*80 | D24: =마스터!P24 -> 8920 | E24: =IF(ISNUMBER(D24),ROUNDDOWN(D24*(1+$F$17),-1),"") -> 4460 | F24: =IF(ISNUMBER(D24),ROUNDDOWN(D24*(1+$F$18),-1),"") -> 17840 | G24: =SUMPRODUCT(--(LEN(J24:AG24)>0)) -> 8 | H24: =IF(G24>0,_xlfn.TEXTJOIN(", ",TRUE(),J24:AG24),IF(ISNUMBER(D24),"옵션 가능한 사이즈 없음","가격 미정 — 판매가 입력 필요")) -> 30*15(-3,900), 100*150(+1,280), 60*40(-3,140), 70*50(-2,940), 100*90(+5,010), 100*35(+5,260), 40*20(-2,780), 70*60(-1,750) | J24: =IF(OR(NOT(ISNUMBER($E24)),NOT(ISNUMBER(마스터!$P$18))),"",IF(AND(마스터!$P$18>=$E24,마스터!$P$18<=$F24,OR($F$19=0,마스터!$G$18>0)),마스터!$C$18&"("&IF(마스터!$P$18-$D24>=0,"+","")&TEXT(마스터!$P$18-$D24,"#,##0")&")","")) | K24: =IF(OR(NOT(ISNUMBER($E24)),NOT(ISNUMBER(마스터!$P$26))),"",IF(AND(마스터!$P$26>=$E24,마스터!$P$26<=$F24,OR($F$19=0,마스터!$G$26>0)),마스터!$C$26&"("&IF(마스터!$P$26-$D24>=0,"+","")&TEXT(마스터!$P$26-$D24,"#,##0")&")","")) | M24: =IF(OR(NOT(ISNUMBER($E24)),NOT(ISNUMBER(마스터!$P$16))),"",IF(AND(마스터!$P$16>=$E24,마스터!$P$16<=$F24,OR($F$19=0,마스터!$G$16>0)),마스터!$C$16&"("&IF(마스터!$P$16-$D24>=0,"+","")&TEXT(마스터!$P$16-$D24,"#,##0")&")","")) -> 30*15(-3,900) | N24: =IF(OR(NOT(ISNUMBER($E24)),NOT(ISNUMBER(마스터!$P$27))),"",IF(AND(마스터!$P$27>=$E24,마스터!$P$27<=$F24,OR($F$19=0,마스터!$G$27>0)),마스터!$C$27&"("&IF(마스터!$P$27-$D24>=0,"+","")&TEXT(마스터!$P$27-$D24,"#,##0")&")","")) -> 100*150(+1,280) | O24: =IF(OR(NOT(ISNUMBER($E24)),NOT(ISNUMBER(마스터!$P$19))),"",IF(AND(마스터!$P$19>=$E24,마스터!$P$19<=$F24,OR($F$19=0,마스터!$G$19>0)),마스터!$C$19&"("&IF(마스터!$P$19-$D24>=0,"+","")&TEXT(마스터!$P$19-$D24,"#,##0")&")","")) -> 60*40(-3,140) | P24: =IF(OR(NOT(ISNUMBER($E24)),NOT(ISNUMBER(마스터!$P$20))),"",IF(AND(마스터!$P$20>=$E24,마스터!$P$20<=$F24,OR($F$19=0,마스터!$G$20>0)),마스터!$C$20&"("&IF(마스터!$P$20-$D24>=0,"+","")&TEXT(마스터!$P$20-$D24,"#,##0")&")","")) -> 70*50(-2,940) | Q24: =IF(OR(NOT(ISNUMBER($E24)),NOT(ISNUMBER(마스터!$P$25))),"",IF(AND(마스터!$P$25>=$E24,마스터!$P$25<=$F24,OR($F$19=0,마스터!$G$25>0)),마스터!$C$25&"("&IF(마스터!$P$25-$D24>=0,"+","")&TEXT(마스터!$P$25-$D24,"#,##0")&")","")) -> 100*90(+5,010) | R24: =IF(OR(NOT(ISNUMBER($E24)),NOT(ISNUMBER(마스터!$P$22))),"",IF(AND(마스터!$P$22>=$E24,마스터!$P$22<=$F24,OR($F$19=0,마스터!$G$22>0)),마스터!$C$22&"("&IF(마스터!$P$22-$D24>=0,"+","")&TEXT(마스터!$P$22-$D24,"#,##0")&")","")) -> 100*35(+5,260) | S24: =IF(OR(NOT(ISNUMBER($E24)),NOT(ISNUMBER(마스터!$P$23))),"",IF(AND(마스터!$P$23>=$E24,마스터!$P$23<=$F24,OR($F$19=0,마스터!$G$23>0)),마스터!$C$23&"("&IF(마스터!$P$23-$D24>=0,"+","")&TEXT(마스터!$P$23-$D24,"#,##0")&")","")) | T24: =IF(OR(NOT(ISNUMBER($E24)),NOT(ISNUMBER(마스터!$P$17))),"",IF(AND(마스터!$P$17>=$E24,마스터!$P$17<=$F24,OR($F$19=0,마스터!$G$17>0)),마스터!$C$17&"("&IF(마스터!$P$17-$D24>=0,"+","")&TEXT(마스터!$P$17-$D24,"#,##0")&")","")) -> 40*20(-2,780) | U24: =IF(OR(NOT(ISNUMBER($E24)),NOT(ISNUMBER(마스터!$P$21))),"",IF(AND(마스터!$P$21>=$E24,마스터!$P$21<=$F24,OR($F$19=0,마스터!$G$21>0)),마스터!$C$21&"("&IF(마스터!$P$21-$D24>=0,"+","")&TEXT(마스터!$P$21-$D24,"#,##0")&")","")) -> 70*60(-1,750)
A25: 4 | B25: =마스터!B16 -> 유포지 | C25: =마스터!C16 -> 30*15 | D25: =마스터!P16 -> 5020 | E25: =IF(ISNUMBER(D25),ROUNDDOWN(D25*(1+$F$17),-1),"") -> 2510 | F25: =IF(ISNUMBER(D25),ROUNDDOWN(D25*(1+$F$18),-1),"") -> 10040 | G25: =SUMPRODUCT(--(LEN(J25:AG25)>0)) -> 5 | H25: =IF(G25>0,_xlfn.TEXTJOIN(", ",TRUE(),J25:AG25),IF(ISNUMBER(D25),"옵션 가능한 사이즈 없음","가격 미정 — 판매가 입력 필요")) -> 100*80(+3,900), 60*40(+760), 70*50(+960), 40*20(+1,120), 70*60(+2,150) | J25: =IF(OR(NOT(ISNUMBER($E25)),NOT(ISNUMBER(마스터!$P$18))),"",IF(AND(마스터!$P$18>=$E25,마스터!$P$18<=$F25,OR($F$19=0,마스터!$G$18>0)),마스터!$C$18&"("&IF(마스터!$P$18-$D25>=0,"+","")&TEXT(마스터!$P$18-$D25,"#,##0")&")","")) | K25: =IF(OR(NOT(ISNUMBER($E25)),NOT(ISNUMBER(마스터!$P$26))),"",IF(AND(마스터!$P$26>=$E25,마스터!$P$26<=$F25,OR($F$19=0,마스터!$G$26>0)),마스터!$C$26&"("&IF(마스터!$P$26-$D25>=0,"+","")&TEXT(마스터!$P$26-$D25,"#,##0")&")","")) | L25: =IF(OR(NOT(ISNUMBER($E25)),NOT(ISNUMBER(마스터!$P$24))),"",IF(AND(마스터!$P$24>=$E25,마스터!$P$24<=$F25,OR($F$19=0,마스터!$G$24>0)),마스터!$C$24&"("&IF(마스터!$P$24-$D25>=0,"+","")&TEXT(마스터!$P$24-$D25,"#,##0")&")","")) -> 100*80(+3,900) | N25: =IF(OR(NOT(ISNUMBER($E25)),NOT(ISNUMBER(마스터!$P$27))),"",IF(AND(마스터!$P$27>=$E25,마스터!$P$27<=$F25,OR($F$19=0,마스터!$G$27>0)),마스터!$C$27&"("&IF(마스터!$P$27-$D25>=0,"+","")&TEXT(마스터!$P$27-$D25,"#,##0")&")","")) | O25: =IF(OR(NOT(ISNUMBER($E25)),NOT(ISNUMBER(마스터!$P$19))),"",IF(AND(마스터!$P$19>=$E25,마스터!$P$19<=$F25,OR($F$19=0,마스터!$G$19>0)),마스터!$C$19&"("&IF(마스터!$P$19-$D25>=0,"+","")&TEXT(마스터!$P$19-$D25,"#,##0")&")","")) -> 60*40(+760) | P25: =IF(OR(NOT(ISNUMBER($E25)),NOT(ISNUMBER(마스터!$P$20))),"",IF(AND(마스터!$P$20>=$E25,마스터!$P$20<=$F25,OR($F$19=0,마스터!$G$20>0)),마스터!$C$20&"("&IF(마스터!$P$20-$D25>=0,"+","")&TEXT(마스터!$P$20-$D25,"#,##0")&")","")) -> 70*50(+960) | Q25: =IF(OR(NOT(ISNUMBER($E25)),NOT(ISNUMBER(마스터!$P$25))),"",IF(AND(마스터!$P$25>=$E25,마스터!$P$25<=$F25,OR($F$19=0,마스터!$G$25>0)),마스터!$C$25&"("&IF(마스터!$P$25-$D25>=0,"+","")&TEXT(마스터!$P$25-$D25,"#,##0")&")","")) | R25: =IF(OR(NOT(ISNUMBER($E25)),NOT(ISNUMBER(마스터!$P$22))),"",IF(AND(마스터!$P$22>=$E25,마스터!$P$22<=$F25,OR($F$19=0,마스터!$G$22>0)),마스터!$C$22&"("&IF(마스터!$P$22-$D25>=0,"+","")&TEXT(마스터!$P$22-$D25,"#,##0")&")","")) | S25: =IF(OR(NOT(ISNUMBER($E25)),NOT(ISNUMBER(마스터!$P$23))),"",IF(AND(마스터!$P$23>=$E25,마스터!$P$23<=$F25,OR($F$19=0,마스터!$G$23>0)),마스터!$C$23&"("&IF(마스터!$P$23-$D25>=0,"+","")&TEXT(마스터!$P$23-$D25,"#,##0")&")","")) | T25: =IF(OR(NOT(ISNUMBER($E25)),NOT(ISNUMBER(마스터!$P$17))),"",IF(AND(마스터!$P$17>=$E25,마스터!$P$17<=$F25,OR($F$19=0,마스터!$G$17>0)),마스터!$C$17&"("&IF(마스터!$P$17-$D25>=0,"+","")&TEXT(마스터!$P$17-$D25,"#,##0")&")","")) -> 40*20(+1,120) | U25: =IF(OR(NOT(ISNUMBER($E25)),NOT(ISNUMBER(마스터!$P$21))),"",IF(AND(마스터!$P$21>=$E25,마스터!$P$21<=$F25,OR($F$19=0,마스터!$G$21>0)),마스터!$C$21&"("&IF(마스터!$P$21-$D25>=0,"+","")&TEXT(마스터!$P$21-$D25,"#,##0")&")","")) -> 70*60(+2,150)
A26: 5 | B26: =마스터!B27 -> 유포지 | C26: =마스터!C27 -> 100*150 | D26: =마스터!P27 -> 10200 | E26: =IF(ISNUMBER(D26),ROUNDDOWN(D26*(1+$F$17),-1),"") -> 5100 | F26: =IF(ISNUMBER(D26),ROUNDDOWN(D26*(1+$F$18),-1),"") -> 20400 | G26: =SUMPRODUCT(--(LEN(J26:AG26)>0)) -> 7 | H26: =IF(G26>0,_xlfn.TEXTJOIN(", ",TRUE(),J26:AG26),IF(ISNUMBER(D26),"옵션 가능한 사이즈 없음","가격 미정 — 판매가 입력 필요")) -> 100*80(-1,280), 60*40(-4,420), 70*50(-4,220), 100*90(+3,730), 100*35(+3,980), 40*20(-4,060), 70*60(-3,030) | J26: =IF(OR(NOT(ISNUMBER($E26)),NOT(ISNUMBER(마스터!$P$18))),"",IF(AND(마스터!$P$18>=$E26,마스터!$P$18<=$F26,OR($F$19=0,마스터!$G$18>0)),마스터!$C$18&"("&IF(마스터!$P$18-$D26>=0,"+","")&TEXT(마스터!$P$18-$D26,"#,##0")&")","")) | K26: =IF(OR(NOT(ISNUMBER($E26)),NOT(ISNUMBER(마스터!$P$26))),"",IF(AND(마스터!$P$26>=$E26,마스터!$P$26<=$F26,OR($F$19=0,마스터!$G$26>0)),마스터!$C$26&"("&IF(마스터!$P$26-$D26>=0,"+","")&TEXT(마스터!$P$26-$D26,"#,##0")&")","")) | L26: =IF(OR(NOT(ISNUMBER($E26)),NOT(ISNUMBER(마스터!$P$24))),"",IF(AND(마스터!$P$24>=$E26,마스터!$P$24<=$F26,OR($F$19=0,마스터!$G$24>0)),마스터!$C$24&"("&IF(마스터!$P$24-$D26>=0,"+","")&TEXT(마스터!$P$24-$D26,"#,##0")&")","")) -> 100*80(-1,280) | M26: =IF(OR(NOT(ISNUMBER($E26)),NOT(ISNUMBER(마스터!$P$16))),"",IF(AND(마스터!$P$16>=$E26,마스터!$P$16<=$F26,OR($F$19=0,마스터!$G$16>0)),마스터!$C$16&"("&IF(마스터!$P$16-$D26>=0,"+","")&TEXT(마스터!$P$16-$D26,"#,##0")&")","")) | O26: =IF(OR(NOT(ISNUMBER($E26)),NOT(ISNUMBER(마스터!$P$19))),"",IF(AND(마스터!$P$19>=$E26,마스터!$P$19<=$F26,OR($F$19=0,마스터!$G$19>0)),마스터!$C$19&"("&IF(마스터!$P$19-$D26>=0,"+","")&TEXT(마스터!$P$19-$D26,"#,##0")&")","")) -> 60*40(-4,420) | P26: =IF(OR(NOT(ISNUMBER($E26)),NOT(ISNUMBER(마스터!$P$20))),"",IF(AND(마스터!$P$20>=$E26,마스터!$P$20<=$F26,OR($F$19=0,마스터!$G$20>0)),마스터!$C$20&"("&IF(마스터!$P$20-$D26>=0,"+","")&TEXT(마스터!$P$20-$D26,"#,##0")&")","")) -> 70*50(-4,220) | Q26: =IF(OR(NOT(ISNUMBER($E26)),NOT(ISNUMBER(마스터!$P$25))),"",IF(AND(마스터!$P$25>=$E26,마스터!$P$25<=$F26,OR($F$19=0,마스터!$G$25>0)),마스터!$C$25&"("&IF(마스터!$P$25-$D26>=0,"+","")&TEXT(마스터!$P$25-$D26,"#,##0")&")","")) -> 100*90(+3,730) | R26: =IF(OR(NOT(ISNUMBER($E26)),NOT(ISNUMBER(마스터!$P$22))),"",IF(AND(마스터!$P$22>=$E26,마스터!$P$22<=$F26,OR($F$19=0,마스터!$G$22>0)),마스터!$C$22&"("&IF(마스터!$P$22-$D26>=0,"+","")&TEXT(마스터!$P$22-$D26,"#,##0")&")","")) -> 100*35(+3,980) | S26: =IF(OR(NOT(ISNUMBER($E26)),NOT(ISNUMBER(마스터!$P$23))),"",IF(AND(마스터!$P$23>=$E26,마스터!$P$23<=$F26,OR($F$19=0,마스터!$G$23>0)),마스터!$C$23&"("&IF(마스터!$P$23-$D26>=0,"+","")&TEXT(마스터!$P$23-$D26,"#,##0")&")","")) | T26: =IF(OR(NOT(ISNUMBER($E26)),NOT(ISNUMBER(마스터!$P$17))),"",IF(AND(마스터!$P$17>=$E26,마스터!$P$17<=$F26,OR($F$19=0,마스터!$G$17>0)),마스터!$C$17&"("&IF(마스터!$P$17-$D26>=0,"+","")&TEXT(마스터!$P$17-$D26,"#,##0")&")","")) -> 40*20(-4,060) | U26: =IF(OR(NOT(ISNUMBER($E26)),NOT(ISNUMBER(마스터!$P$21))),"",IF(AND(마스터!$P$21>=$E26,마스터!$P$21<=$F26,OR($F$19=0,마스터!$G$21>0)),마스터!$C$21&"("&IF(마스터!$P$21-$D26>=0,"+","")&TEXT(마스터!$P$21-$D26,"#,##0")&")","")) -> 70*60(-3,030)
A27: 6 | B27: =마스터!B19 -> 유포지 | C27: =마스터!C19 -> 60*40 | D27: =마스터!P19 -> 5780 | E27: =IF(ISNUMBER(D27),ROUNDDOWN(D27*(1+$F$17),-1),"") -> 2890 | F27: =IF(ISNUMBER(D27),ROUNDDOWN(D27*(1+$F$18),-1),"") -> 11560 | G27: =SUMPRODUCT(--(LEN(J27:AG27)>0)) -> 6 | H27: =IF(G27>0,_xlfn.TEXTJOIN(", ",TRUE(),J27:AG27),IF(ISNUMBER(D27),"옵션 가능한 사이즈 없음","가격 미정 — 판매가 입력 필요")) -> 100*80(+3,140), 30*15(-760), 100*150(+4,420), 70*50(+200), 40*20(+360), 70*60(+1,390) | J27: =IF(OR(NOT(ISNUMBER($E27)),NOT(ISNUMBER(마스터!$P$18))),"",IF(AND(마스터!$P$18>=$E27,마스터!$P$18<=$F27,OR($F$19=0,마스터!$G$18>0)),마스터!$C$18&"("&IF(마스터!$P$18-$D27>=0,"+","")&TEXT(마스터!$P$18-$D27,"#,##0")&")","")) | K27: =IF(OR(NOT(ISNUMBER($E27)),NOT(ISNUMBER(마스터!$P$26))),"",IF(AND(마스터!$P$26>=$E27,마스터!$P$26<=$F27,OR($F$19=0,마스터!$G$26>0)),마스터!$C$26&"("&IF(마스터!$P$26-$D27>=0,"+","")&TEXT(마스터!$P$26-$D27,"#,##0")&")","")) | L27: =IF(OR(NOT(ISNUMBER($E27)),NOT(ISNUMBER(마스터!$P$24))),"",IF(AND(마스터!$P$24>=$E27,마스터!$P$24<=$F27,OR($F$19=0,마스터!$G$24>0)),마스터!$C$24&"("&IF(마스터!$P$24-$D27>=0,"+","")&TEXT(마스터!$P$24-$D27,"#,##0")&")","")) -> 100*80(+3,140) | M27: =IF(OR(NOT(ISNUMBER($E27)),NOT(ISNUMBER(마스터!$P$16))),"",IF(AND(마스터!$P$16>=$E27,마스터!$P$16<=$F27,OR($F$19=0,마스터!$G$16>0)),마스터!$C$16&"("&IF(마스터!$P$16-$D27>=0,"+","")&TEXT(마스터!$P$16-$D27,"#,##0")&")","")) -> 30*15(-760) | N27: =IF(OR(NOT(ISNUMBER($E27)),NOT(ISNUMBER(마스터!$P$27))),"",IF(AND(마스터!$P$27>=$E27,마스터!$P$27<=$F27,OR($F$19=0,마스터!$G$27>0)),마스터!$C$27&"("&IF(마스터!$P$27-$D27>=0,"+","")&TEXT(마스터!$P$27-$D27,"#,##0")&")","")) -> 100*150(+4,420) | P27: =IF(OR(NOT(ISNUMBER($E27)),NOT(ISNUMBER(마스터!$P$20))),"",IF(AND(마스터!$P$20>=$E27,마스터!$P$20<=$F27,OR($F$19=0,마스터!$G$20>0)),마스터!$C$20&"("&IF(마스터!$P$20-$D27>=0,"+","")&TEXT(마스터!$P$20-$D27,"#,##0")&")","")) -> 70*50(+200) | Q27: =IF(OR(NOT(ISNUMBER($E27)),NOT(ISNUMBER(마스터!$P$25))),"",IF(AND(마스터!$P$25>=$E27,마스터!$P$25<=$F27,OR($F$19=0,마스터!$G$25>0)),마스터!$C$25&"("&IF(마스터!$P$25-$D27>=0,"+","")&TEXT(마스터!$P$25-$D27,"#,##0")&")","")) | R27: =IF(OR(NOT(ISNUMBER($E27)),NOT(ISNUMBER(마스터!$P$22))),"",IF(AND(마스터!$P$22>=$E27,마스터!$P$22<=$F27,OR($F$19=0,마스터!$G$22>0)),마스터!$C$22&"("&IF(마스터!$P$22-$D27>=0,"+","")&TEXT(마스터!$P$22-$D27,"#,##0")&")","")) | S27: =IF(OR(NOT(ISNUMBER($E27)),NOT(ISNUMBER(마스터!$P$23))),"",IF(AND(마스터!$P$23>=$E27,마스터!$P$23<=$F27,OR($F$19=0,마스터!$G$23>0)),마스터!$C$23&"("&IF(마스터!$P$23-$D27>=0,"+","")&TEXT(마스터!$P$23-$D27,"#,##0")&")","")) | T27: =IF(OR(NOT(ISNUMBER($E27)),NOT(ISNUMBER(마스터!$P$17))),"",IF(AND(마스터!$P$17>=$E27,마스터!$P$17<=$F27,OR($F$19=0,마스터!$G$17>0)),마스터!$C$17&"("&IF(마스터!$P$17-$D27>=0,"+","")&TEXT(마스터!$P$17-$D27,"#,##0")&")","")) -> 40*20(+360) | U27: =IF(OR(NOT(ISNUMBER($E27)),NOT(ISNUMBER(마스터!$P$21))),"",IF(AND(마스터!$P$21>=$E27,마스터!$P$21<=$F27,OR($F$19=0,마스터!$G$21>0)),마스터!$C$21&"("&IF(마스터!$P$21-$D27>=0,"+","")&TEXT(마스터!$P$21-$D27,"#,##0")&")","")) -> 70*60(+1,390)
A28: 7 | B28: =마스터!B20 -> 유포지 | C28: =마스터!C20 -> 70*50 | D28: =마스터!P20 -> 5980 | E28: =IF(ISNUMBER(D28),ROUNDDOWN(D28*(1+$F$17),-1),"") -> 2990 | F28: =IF(ISNUMBER(D28),ROUNDDOWN(D28*(1+$F$18),-1),"") -> 11960 | G28: =SUMPRODUCT(--(LEN(J28:AG28)>0)) -> 6 | H28: =IF(G28>0,_xlfn.TEXTJOIN(", ",TRUE(),J28:AG28),IF(ISNUMBER(D28),"옵션 가능한 사이즈 없음","가격 미정 — 판매가 입력 필요")) -> 100*80(+2,940), 30*15(-960), 100*150(+4,220), 60*40(-200), 40*20(+160), 70*60(+1,190) | J28: =IF(OR(NOT(ISNUMBER($E28)),NOT(ISNUMBER(마스터!$P$18))),"",IF(AND(마스터!$P$18>=$E28,마스터!$P$18<=$F28,OR($F$19=0,마스터!$G$18>0)),마스터!$C$18&"("&IF(마스터!$P$18-$D28>=0,"+","")&TEXT(마스터!$P$18-$D28,"#,##0")&")","")) | K28: =IF(OR(NOT(ISNUMBER($E28)),NOT(ISNUMBER(마스터!$P$26))),"",IF(AND(마스터!$P$26>=$E28,마스터!$P$26<=$F28,OR($F$19=0,마스터!$G$26>0)),마스터!$C$26&"("&IF(마스터!$P$26-$D28>=0,"+","")&TEXT(마스터!$P$26-$D28,"#,##0")&")","")) | L28: =IF(OR(NOT(ISNUMBER($E28)),NOT(ISNUMBER(마스터!$P$24))),"",IF(AND(마스터!$P$24>=$E28,마스터!$P$24<=$F28,OR($F$19=0,마스터!$G$24>0)),마스터!$C$24&"("&IF(마스터!$P$24-$D28>=0,"+","")&TEXT(마스터!$P$24-$D28,"#,##0")&")","")) -> 100*80(+2,940) | M28: =IF(OR(NOT(ISNUMBER($E28)),NOT(ISNUMBER(마스터!$P$16))),"",IF(AND(마스터!$P$16>=$E28,마스터!$P$16<=$F28,OR($F$19=0,마스터!$G$16>0)),마스터!$C$16&"("&IF(마스터!$P$16-$D28>=0,"+","")&TEXT(마스터!$P$16-$D28,"#,##0")&")","")) -> 30*15(-960) | N28: =IF(OR(NOT(ISNUMBER($E28)),NOT(ISNUMBER(마스터!$P$27))),"",IF(AND(마스터!$P$27>=$E28,마스터!$P$27<=$F28,OR($F$19=0,마스터!$G$27>0)),마스터!$C$27&"("&IF(마스터!$P$27-$D28>=0,"+","")&TEXT(마스터!$P$27-$D28,"#,##0")&")","")) -> 100*150(+4,220) | O28: =IF(OR(NOT(ISNUMBER($E28)),NOT(ISNUMBER(마스터!$P$19))),"",IF(AND(마스터!$P$19>=$E28,마스터!$P$19<=$F28,OR($F$19=0,마스터!$G$19>0)),마스터!$C$19&"("&IF(마스터!$P$19-$D28>=0,"+","")&TEXT(마스터!$P$19-$D28,"#,##0")&")","")) -> 60*40(-200) | Q28: =IF(OR(NOT(ISNUMBER($E28)),NOT(ISNUMBER(마스터!$P$25))),"",IF(AND(마스터!$P$25>=$E28,마스터!$P$25<=$F28,OR($F$19=0,마스터!$G$25>0)),마스터!$C$25&"("&IF(마스터!$P$25-$D28>=0,"+","")&TEXT(마스터!$P$25-$D28,"#,##0")&")","")) | R28: =IF(OR(NOT(ISNUMBER($E28)),NOT(ISNUMBER(마스터!$P$22))),"",IF(AND(마스터!$P$22>=$E28,마스터!$P$22<=$F28,OR($F$19=0,마스터!$G$22>0)),마스터!$C$22&"("&IF(마스터!$P$22-$D28>=0,"+","")&TEXT(마스터!$P$22-$D28,"#,##0")&")","")) | S28: =IF(OR(NOT(ISNUMBER($E28)),NOT(ISNUMBER(마스터!$P$23))),"",IF(AND(마스터!$P$23>=$E28,마스터!$P$23<=$F28,OR($F$19=0,마스터!$G$23>0)),마스터!$C$23&"("&IF(마스터!$P$23-$D28>=0,"+","")&TEXT(마스터!$P$23-$D28,"#,##0")&")","")) | T28: =IF(OR(NOT(ISNUMBER($E28)),NOT(ISNUMBER(마스터!$P$17))),"",IF(AND(마스터!$P$17>=$E28,마스터!$P$17<=$F28,OR($F$19=0,마스터!$G$17>0)),마스터!$C$17&"("&IF(마스터!$P$17-$D28>=0,"+","")&TEXT(마스터!$P$17-$D28,"#,##0")&")","")) -> 40*20(+160) | U28: =IF(OR(NOT(ISNUMBER($E28)),NOT(ISNUMBER(마스터!$P$21))),"",IF(AND(마스터!$P$21>=$E28,마스터!$P$21<=$F28,OR($F$19=0,마스터!$G$21>0)),마스터!$C$21&"("&IF(마스터!$P$21-$D28>=0,"+","")&TEXT(마스터!$P$21-$D28,"#,##0")&")","")) -> 70*60(+1,190)
A29: 8 | B29: =마스터!B25 -> 유포지 | C29: =마스터!C25 -> 100*90 | D29: =마스터!P25 -> 13930 | E29: =IF(ISNUMBER(D29),ROUNDDOWN(D29*(1+$F$17),-1),"") -> 6960 | F29: =IF(ISNUMBER(D29),ROUNDDOWN(D29*(1+$F$18),-1),"") -> 27860 | G29: =SUMPRODUCT(--(LEN(J29:AG29)>0)) -> 4 | H29: =IF(G29>0,_xlfn.TEXTJOIN(", ",TRUE(),J29:AG29),IF(ISNUMBER(D29),"옵션 가능한 사이즈 없음","가격 미정 — 판매가 입력 필요")) -> 100*80(-5,010), 100*150(-3,730), 100*35(+250), 70*60(-6,760) | J29: =IF(OR(NOT(ISNUMBER($E29)),NOT(ISNUMBER(마스터!$P$18))),"",IF(AND(마스터!$P$18>=$E29,마스터!$P$18<=$F29,OR($F$19=0,마스터!$G$18>0)),마스터!$C$18&"("&IF(마스터!$P$18-$D29>=0,"+","")&TEXT(마스터!$P$18-$D29,"#,##0")&")","")) | K29: =IF(OR(NOT(ISNUMBER($E29)),NOT(ISNUMBER(마스터!$P$26))),"",IF(AND(마스터!$P$26>=$E29,마스터!$P$26<=$F29,OR($F$19=0,마스터!$G$26>0)),마스터!$C$26&"("&IF(마스터!$P$26-$D29>=0,"+","")&TEXT(마스터!$P$26-$D29,"#,##0")&")","")) | L29: =IF(OR(NOT(ISNUMBER($E29)),NOT(ISNUMBER(마스터!$P$24))),"",IF(AND(마스터!$P$24>=$E29,마스터!$P$24<=$F29,OR($F$19=0,마스터!$G$24>0)),마스터!$C$24&"("&IF(마스터!$P$24-$D29>=0,"+","")&TEXT(마스터!$P$24-$D29,"#,##0")&")","")) -> 100*80(-5,010) | M29: =IF(OR(NOT(ISNUMBER($E29)),NOT(ISNUMBER(마스터!$P$16))),"",IF(AND(마스터!$P$16>=$E29,마스터!$P$16<=$F29,OR($F$19=0,마스터!$G$16>0)),마스터!$C$16&"("&IF(마스터!$P$16-$D29>=0,"+","")&TEXT(마스터!$P$16-$D29,"#,##0")&")","")) | N29: =IF(OR(NOT(ISNUMBER($E29)),NOT(ISNUMBER(마스터!$P$27))),"",IF(AND(마스터!$P$27>=$E29,마스터!$P$27<=$F29,OR($F$19=0,마스터!$G$27>0)),마스터!$C$27&"("&IF(마스터!$P$27-$D29>=0,"+","")&TEXT(마스터!$P$27-$D29,"#,##0")&")","")) -> 100*150(-3,730) | O29: =IF(OR(NOT(ISNUMBER($E29)),NOT(ISNUMBER(마스터!$P$19))),"",IF(AND(마스터!$P$19>=$E29,마스터!$P$19<=$F29,OR($F$19=0,마스터!$G$19>0)),마스터!$C$19&"("&IF(마스터!$P$19-$D29>=0,"+","")&TEXT(마스터!$P$19-$D29,"#,##0")&")","")) | P29: =IF(OR(NOT(ISNUMBER($E29)),NOT(ISNUMBER(마스터!$P$20))),"",IF(AND(마스터!$P$20>=$E29,마스터!$P$20<=$F29,OR($F$19=0,마스터!$G$20>0)),마스터!$C$20&"("&IF(마스터!$P$20-$D29>=0,"+","")&TEXT(마스터!$P$20-$D29,"#,##0")&")","")) | R29: =IF(OR(NOT(ISNUMBER($E29)),NOT(ISNUMBER(마스터!$P$22))),"",IF(AND(마스터!$P$22>=$E29,마스터!$P$22<=$F29,OR($F$19=0,마스터!$G$22>0)),마스터!$C$22&"("&IF(마스터!$P$22-$D29>=0,"+","")&TEXT(마스터!$P$22-$D29,"#,##0")&")","")) -> 100*35(+250) | S29: =IF(OR(NOT(ISNUMBER($E29)),NOT(ISNUMBER(마스터!$P$23))),"",IF(AND(마스터!$P$23>=$E29,마스터!$P$23<=$F29,OR($F$19=0,마스터!$G$23>0)),마스터!$C$23&"("&IF(마스터!$P$23-$D29>=0,"+","")&TEXT(마스터!$P$23-$D29,"#,##0")&")","")) | T29: =IF(OR(NOT(ISNUMBER($E29)),NOT(ISNUMBER(마스터!$P$17))),"",IF(AND(마스터!$P$17>=$E29,마스터!$P$17<=$F29,OR($F$19=0,마스터!$G$17>0)),마스터!$C$17&"("&IF(마스터!$P$17-$D29>=0,"+","")&TEXT(마스터!$P$17-$D29,"#,##0")&")","")) | U29: =IF(OR(NOT(ISNUMBER($E29)),NOT(ISNUMBER(마스터!$P$21))),"",IF(AND(마스터!$P$21>=$E29,마스터!$P$21<=$F29,OR($F$19=0,마스터!$G$21>0)),마스터!$C$21&"("&IF(마스터!$P$21-$D29>=0,"+","")&TEXT(마스터!$P$21-$D29,"#,##0")&")","")) -> 70*60(-6,760)
A30: 9 | B30: =마스터!B22 -> 유포지 | C30: =마스터!C22 -> 100*35 | D30: =마스터!P22 -> 14180 | E30: =IF(ISNUMBER(D30),ROUNDDOWN(D30*(1+$F$17),-1),"") -> 7090 | F30: =IF(ISNUMBER(D30),ROUNDDOWN(D30*(1+$F$18),-1),"") -> 28360 | G30: =SUMPRODUCT(--(LEN(J30:AG30)>0)) -> 4 | H30: =IF(G30>0,_xlfn.TEXTJOIN(", ",TRUE(),J30:AG30),IF(ISNUMBER(D30),"옵션 가능한 사이즈 없음","가격 미정 — 판매가 입력 필요")) -> 100*80(-5,260), 100*150(-3,980), 100*90(-250), 70*60(-7,010) | J30: =IF(OR(NOT(ISNUMBER($E30)),NOT(ISNUMBER(마스터!$P$18))),"",IF(AND(마스터!$P$18>=$E30,마스터!$P$18<=$F30,OR($F$19=0,마스터!$G$18>0)),마스터!$C$18&"("&IF(마스터!$P$18-$D30>=0,"+","")&TEXT(마스터!$P$18-$D30,"#,##0")&")","")) | K30: =IF(OR(NOT(ISNUMBER($E30)),NOT(ISNUMBER(마스터!$P$26))),"",IF(AND(마스터!$P$26>=$E30,마스터!$P$26<=$F30,OR($F$19=0,마스터!$G$26>0)),마스터!$C$26&"("&IF(마스터!$P$26-$D30>=0,"+","")&TEXT(마스터!$P$26-$D30,"#,##0")&")","")) | L30: =IF(OR(NOT(ISNUMBER($E30)),NOT(ISNUMBER(마스터!$P$24))),"",IF(AND(마스터!$P$24>=$E30,마스터!$P$24<=$F30,OR($F$19=0,마스터!$G$24>0)),마스터!$C$24&"("&IF(마스터!$P$24-$D30>=0,"+","")&TEXT(마스터!$P$24-$D30,"#,##0")&")","")) -> 100*80(-5,260) | M30: =IF(OR(NOT(ISNUMBER($E30)),NOT(ISNUMBER(마스터!$P$16))),"",IF(AND(마스터!$P$16>=$E30,마스터!$P$16<=$F30,OR($F$19=0,마스터!$G$16>0)),마스터!$C$16&"("&IF(마스터!$P$16-$D30>=0,"+","")&TEXT(마스터!$P$16-$D30,"#,##0")&")","")) | N30: =IF(OR(NOT(ISNUMBER($E30)),NOT(ISNUMBER(마스터!$P$27))),"",IF(AND(마스터!$P$27>=$E30,마스터!$P$27<=$F30,OR($F$19=0,마스터!$G$27>0)),마스터!$C$27&"("&IF(마스터!$P$27-$D30>=0,"+","")&TEXT(마스터!$P$27-$D30,"#,##0")&")","")) -> 100*150(-3,980) | O30: =IF(OR(NOT(ISNUMBER($E30)),NOT(ISNUMBER(마스터!$P$19))),"",IF(AND(마스터!$P$19>=$E30,마스터!$P$19<=$F30,OR($F$19=0,마스터!$G$19>0)),마스터!$C$19&"("&IF(마스터!$P$19-$D30>=0,"+","")&TEXT(마스터!$P$19-$D30,"#,##0")&")","")) | P30: =IF(OR(NOT(ISNUMBER($E30)),NOT(ISNUMBER(마스터!$P$20))),"",IF(AND(마스터!$P$20>=$E30,마스터!$P$20<=$F30,OR($F$19=0,마스터!$G$20>0)),마스터!$C$20&"("&IF(마스터!$P$20-$D30>=0,"+","")&TEXT(마스터!$P$20-$D30,"#,##0")&")","")) | Q30: =IF(OR(NOT(ISNUMBER($E30)),NOT(ISNUMBER(마스터!$P$25))),"",IF(AND(마스터!$P$25>=$E30,마스터!$P$25<=$F30,OR($F$19=0,마스터!$G$25>0)),마스터!$C$25&"("&IF(마스터!$P$25-$D30>=0,"+","")&TEXT(마스터!$P$25-$D30,"#,##0")&")","")) -> 100*90(-250) | S30: =IF(OR(NOT(ISNUMBER($E30)),NOT(ISNUMBER(마스터!$P$23))),"",IF(AND(마스터!$P$23>=$E30,마스터!$P$23<=$F30,OR($F$19=0,마스터!$G$23>0)),마스터!$C$23&"("&IF(마스터!$P$23-$D30>=0,"+","")&TEXT(마스터!$P$23-$D30,"#,##0")&")","")) | T30: =IF(OR(NOT(ISNUMBER($E30)),NOT(ISNUMBER(마스터!$P$17))),"",IF(AND(마스터!$P$17>=$E30,마스터!$P$17<=$F30,OR($F$19=0,마스터!$G$17>0)),마스터!$C$17&"("&IF(마스터!$P$17-$D30>=0,"+","")&TEXT(마스터!$P$17-$D30,"#,##0")&")","")) | U30: =IF(OR(NOT(ISNUMBER($E30)),NOT(ISNUMBER(마스터!$P$21))),"",IF(AND(마스터!$P$21>=$E30,마스터!$P$21<=$F30,OR($F$19=0,마스터!$G$21>0)),마스터!$C$21&"("&IF(마스터!$P$21-$D30>=0,"+","")&TEXT(마스터!$P$21-$D30,"#,##0")&")","")) -> 70*60(-7,010)
A31: 10 | B31: =마스터!B23 -> 유포지/품절 | C31: =마스터!C23 -> 100*70 | D31: =마스터!P23 -> 10590 | E31: =IF(ISNUMBER(D31),ROUNDDOWN(D31*(1+$F$17),-1),"") -> 5290 | F31: =IF(ISNUMBER(D31),ROUNDDOWN(D31*(1+$F$18),-1),"") -> 21180 | G31: =SUMPRODUCT(--(LEN(J31:AG31)>0)) -> 8 | H31: =IF(G31>0,_xlfn.TEXTJOIN(", ",TRUE(),J31:AG31),IF(ISNUMBER(D31),"옵션 가능한 사이즈 없음","가격 미정 — 판매가 입력 필요")) -> 100*80(-1,670), 100*150(-390), 60*40(-4,810), 70*50(-4,610), 100*90(+3,340), 100*35(+3,590), 40*20(-4,450), 70*60(-3,420) | J31: =IF(OR(NOT(ISNUMBER($E31)),NOT(ISNUMBER(마스터!$P$18))),"",IF(AND(마스터!$P$18>=$E31,마스터!$P$18<=$F31,OR($F$19=0,마스터!$G$18>0)),마스터!$C$18&"("&IF(마스터!$P$18-$D31>=0,"+","")&TEXT(마스터!$P$18-$D31,"#,##0")&")","")) | K31: =IF(OR(NOT(ISNUMBER($E31)),NOT(ISNUMBER(마스터!$P$26))),"",IF(AND(마스터!$P$26>=$E31,마스터!$P$26<=$F31,OR($F$19=0,마스터!$G$26>0)),마스터!$C$26&"("&IF(마스터!$P$26-$D31>=0,"+","")&TEXT(마스터!$P$26-$D31,"#,##0")&")","")) | L31: =IF(OR(NOT(ISNUMBER($E31)),NOT(ISNUMBER(마스터!$P$24))),"",IF(AND(마스터!$P$24>=$E31,마스터!$P$24<=$F31,OR($F$19=0,마스터!$G$24>0)),마스터!$C$24&"("&IF(마스터!$P$24-$D31>=0,"+","")&TEXT(마스터!$P$24-$D31,"#,##0")&")","")) -> 100*80(-1,670) | M31: =IF(OR(NOT(ISNUMBER($E31)),NOT(ISNUMBER(마스터!$P$16))),"",IF(AND(마스터!$P$16>=$E31,마스터!$P$16<=$F31,OR($F$19=0,마스터!$G$16>0)),마스터!$C$16&"("&IF(마스터!$P$16-$D31>=0,"+","")&TEXT(마스터!$P$16-$D31,"#,##0")&")","")) | N31: =IF(OR(NOT(ISNUMBER($E31)),NOT(ISNUMBER(마스터!$P$27))),"",IF(AND(마스터!$P$27>=$E31,마스터!$P$27<=$F31,OR($F$19=0,마스터!$G$27>0)),마스터!$C$27&"("&IF(마스터!$P$27-$D31>=0,"+","")&TEXT(마스터!$P$27-$D31,"#,##0")&")","")) -> 100*150(-390) | O31: =IF(OR(NOT(ISNUMBER($E31)),NOT(ISNUMBER(마스터!$P$19))),"",IF(AND(마스터!$P$19>=$E31,마스터!$P$19<=$F31,OR($F$19=0,마스터!$G$19>0)),마스터!$C$19&"("&IF(마스터!$P$19-$D31>=0,"+","")&TEXT(마스터!$P$19-$D31,"#,##0")&")","")) -> 60*40(-4,810) | P31: =IF(OR(NOT(ISNUMBER($E31)),NOT(ISNUMBER(마스터!$P$20))),"",IF(AND(마스터!$P$20>=$E31,마스터!$P$20<=$F31,OR($F$19=0,마스터!$G$20>0)),마스터!$C$20&"("&IF(마스터!$P$20-$D31>=0,"+","")&TEXT(마스터!$P$20-$D31,"#,##0")&")","")) -> 70*50(-4,610) | Q31: =IF(OR(NOT(ISNUMBER($E31)),NOT(ISNUMBER(마스터!$P$25))),"",IF(AND(마스터!$P$25>=$E31,마스터!$P$25<=$F31,OR($F$19=0,마스터!$G$25>0)),마스터!$C$25&"("&IF(마스터!$P$25-$D31>=0,"+","")&TEXT(마스터!$P$25-$D31,"#,##0")&")","")) -> 100*90(+3,340) | R31: =IF(OR(NOT(ISNUMBER($E31)),NOT(ISNUMBER(마스터!$P$22))),"",IF(AND(마스터!$P$22>=$E31,마스터!$P$22<=$F31,OR($F$19=0,마스터!$G$22>0)),마스터!$C$22&"("&IF(마스터!$P$22-$D31>=0,"+","")&TEXT(마스터!$P$22-$D31,"#,##0")&")","")) -> 100*35(+3,590) | T31: =IF(OR(NOT(ISNUMBER($E31)),NOT(ISNUMBER(마스터!$P$17))),"",IF(AND(마스터!$P$17>=$E31,마스터!$P$17<=$F31,OR($F$19=0,마스터!$G$17>0)),마스터!$C$17&"("&IF(마스터!$P$17-$D31>=0,"+","")&TEXT(마스터!$P$17-$D31,"#,##0")&")","")) -> 40*20(-4,450) | U31: =IF(OR(NOT(ISNUMBER($E31)),NOT(ISNUMBER(마스터!$P$21))),"",IF(AND(마스터!$P$21>=$E31,마스터!$P$21<=$F31,OR($F$19=0,마스터!$G$21>0)),마스터!$C$21&"("&IF(마스터!$P$21-$D31>=0,"+","")&TEXT(마스터!$P$21-$D31,"#,##0")&")","")) -> 70*60(-3,420)
A32: 11 | B32: =마스터!B17 -> 유포지 | C32: =마스터!C17 -> 40*20 | D32: =마스터!P17 -> 6140 | E32: =IF(ISNUMBER(D32),ROUNDDOWN(D32*(1+$F$17),-1),"") -> 3070 | F32: =IF(ISNUMBER(D32),ROUNDDOWN(D32*(1+$F$18),-1),"") -> 12280 | G32: =SUMPRODUCT(--(LEN(J32:AG32)>0)) -> 6 | H32: =IF(G32>0,_xlfn.TEXTJOIN(", ",TRUE(),J32:AG32),IF(ISNUMBER(D32),"옵션 가능한 사이즈 없음","가격 미정 — 판매가 입력 필요")) -> 100*80(+2,780), 30*15(-1,120), 100*150(+4,060), 60*40(-360), 70*50(-160), 70*60(+1,030) | J32: =IF(OR(NOT(ISNUMBER($E32)),NOT(ISNUMBER(마스터!$P$18))),"",IF(AND(마스터!$P$18>=$E32,마스터!$P$18<=$F32,OR($F$19=0,마스터!$G$18>0)),마스터!$C$18&"("&IF(마스터!$P$18-$D32>=0,"+","")&TEXT(마스터!$P$18-$D32,"#,##0")&")","")) | K32: =IF(OR(NOT(ISNUMBER($E32)),NOT(ISNUMBER(마스터!$P$26))),"",IF(AND(마스터!$P$26>=$E32,마스터!$P$26<=$F32,OR($F$19=0,마스터!$G$26>0)),마스터!$C$26&"("&IF(마스터!$P$26-$D32>=0,"+","")&TEXT(마스터!$P$26-$D32,"#,##0")&")","")) | L32: =IF(OR(NOT(ISNUMBER($E32)),NOT(ISNUMBER(마스터!$P$24))),"",IF(AND(마스터!$P$24>=$E32,마스터!$P$24<=$F32,OR($F$19=0,마스터!$G$24>0)),마스터!$C$24&"("&IF(마스터!$P$24-$D32>=0,"+","")&TEXT(마스터!$P$24-$D32,"#,##0")&")","")) -> 100*80(+2,780) | M32: =IF(OR(NOT(ISNUMBER($E32)),NOT(ISNUMBER(마스터!$P$16))),"",IF(AND(마스터!$P$16>=$E32,마스터!$P$16<=$F32,OR($F$19=0,마스터!$G$16>0)),마스터!$C$16&"("&IF(마스터!$P$16-$D32>=0,"+","")&TEXT(마스터!$P$16-$D32,"#,##0")&")","")) -> 30*15(-1,120) | N32: =IF(OR(NOT(ISNUMBER($E32)),NOT(ISNUMBER(마스터!$P$27))),"",IF(AND(마스터!$P$27>=$E32,마스터!$P$27<=$F32,OR($F$19=0,마스터!$G$27>0)),마스터!$C$27&"("&IF(마스터!$P$27-$D32>=0,"+","")&TEXT(마스터!$P$27-$D32,"#,##0")&")","")) -> 100*150(+4,060) | O32: =IF(OR(NOT(ISNUMBER($E32)),NOT(ISNUMBER(마스터!$P$19))),"",IF(AND(마스터!$P$19>=$E32,마스터!$P$19<=$F32,OR($F$19=0,마스터!$G$19>0)),마스터!$C$19&"("&IF(마스터!$P$19-$D32>=0,"+","")&TEXT(마스터!$P$19-$D32,"#,##0")&")","")) -> 60*40(-360) | P32: =IF(OR(NOT(ISNUMBER($E32)),NOT(ISNUMBER(마스터!$P$20))),"",IF(AND(마스터!$P$20>=$E32,마스터!$P$20<=$F32,OR($F$19=0,마스터!$G$20>0)),마스터!$C$20&"("&IF(마스터!$P$20-$D32>=0,"+","")&TEXT(마스터!$P$20-$D32,"#,##0")&")","")) -> 70*50(-160) | Q32: =IF(OR(NOT(ISNUMBER($E32)),NOT(ISNUMBER(마스터!$P$25))),"",IF(AND(마스터!$P$25>=$E32,마스터!$P$25<=$F32,OR($F$19=0,마스터!$G$25>0)),마스터!$C$25&"("&IF(마스터!$P$25-$D32>=0,"+","")&TEXT(마스터!$P$25-$D32,"#,##0")&")","")) | R32: =IF(OR(NOT(ISNUMBER($E32)),NOT(ISNUMBER(마스터!$P$22))),"",IF(AND(마스터!$P$22>=$E32,마스터!$P$22<=$F32,OR($F$19=0,마스터!$G$22>0)),마스터!$C$22&"("&IF(마스터!$P$22-$D32>=0,"+","")&TEXT(마스터!$P$22-$D32,"#,##0")&")","")) | S32: =IF(OR(NOT(ISNUMBER($E32)),NOT(ISNUMBER(마스터!$P$23))),"",IF(AND(마스터!$P$23>=$E32,마스터!$P$23<=$F32,OR($F$19=0,마스터!$G$23>0)),마스터!$C$23&"("&IF(마스터!$P$23-$D32>=0,"+","")&TEXT(마스터!$P$23-$D32,"#,##0")&")","")) | U32: =IF(OR(NOT(ISNUMBER($E32)),NOT(ISNUMBER(마스터!$P$21))),"",IF(AND(마스터!$P$21>=$E32,마스터!$P$21<=$F32,OR($F$19=0,마스터!$G$21>0)),마스터!$C$21&"("&IF(마스터!$P$21-$D32>=0,"+","")&TEXT(마스터!$P$21-$D32,"#,##0")&")","")) -> 70*60(+1,030)
A33: 12 | B33: =마스터!B21 -> 유포지 | C33: =마스터!C21 -> 70*60 | D33: =마스터!P21 -> 7170 | E33: =IF(ISNUMBER(D33),ROUNDDOWN(D33*(1+$F$17),-1),"") -> 3580 | F33: =IF(ISNUMBER(D33),ROUNDDOWN(D33*(1+$F$18),-1),"") -> 14340 | G33: =SUMPRODUCT(--(LEN(J33:AG33)>0)) -> 8 | H33: =IF(G33>0,_xlfn.TEXTJOIN(", ",TRUE(),J33:AG33),IF(ISNUMBER(D33),"옵션 가능한 사이즈 없음","가격 미정 — 판매가 입력 필요")) -> 100*80(+1,750), 30*15(-2,150), 100*150(+3,030), 60*40(-1,390), 70*50(-1,190), 100*90(+6,760), 100*35(+7,010), 40*20(-1,030) | J33: =IF(OR(NOT(ISNUMBER($E33)),NOT(ISNUMBER(마스터!$P$18))),"",IF(AND(마스터!$P$18>=$E33,마스터!$P$18<=$F33,OR($F$19=0,마스터!$G$18>0)),마스터!$C$18&"("&IF(마스터!$P$18-$D33>=0,"+","")&TEXT(마스터!$P$18-$D33,"#,##0")&")","")) | K33: =IF(OR(NOT(ISNUMBER($E33)),NOT(ISNUMBER(마스터!$P$26))),"",IF(AND(마스터!$P$26>=$E33,마스터!$P$26<=$F33,OR($F$19=0,마스터!$G$26>0)),마스터!$C$26&"("&IF(마스터!$P$26-$D33>=0,"+","")&TEXT(마스터!$P$26-$D33,"#,##0")&")","")) | L33: =IF(OR(NOT(ISNUMBER($E33)),NOT(ISNUMBER(마스터!$P$24))),"",IF(AND(마스터!$P$24>=$E33,마스터!$P$24<=$F33,OR($F$19=0,마스터!$G$24>0)),마스터!$C$24&"("&IF(마스터!$P$24-$D33>=0,"+","")&TEXT(마스터!$P$24-$D33,"#,##0")&")","")) -> 100*80(+1,750) | M33: =IF(OR(NOT(ISNUMBER($E33)),NOT(ISNUMBER(마스터!$P$16))),"",IF(AND(마스터!$P$16>=$E33,마스터!$P$16<=$F33,OR($F$19=0,마스터!$G$16>0)),마스터!$C$16&"("&IF(마스터!$P$16-$D33>=0,"+","")&TEXT(마스터!$P$16-$D33,"#,##0")&")","")) -> 30*15(-2,150) | N33: =IF(OR(NOT(ISNUMBER($E33)),NOT(ISNUMBER(마스터!$P$27))),"",IF(AND(마스터!$P$27>=$E33,마스터!$P$27<=$F33,OR($F$19=0,마스터!$G$27>0)),마스터!$C$27&"("&IF(마스터!$P$27-$D33>=0,"+","")&TEXT(마스터!$P$27-$D33,"#,##0")&")","")) -> 100*150(+3,030) | O33: =IF(OR(NOT(ISNUMBER($E33)),NOT(ISNUMBER(마스터!$P$19))),"",IF(AND(마스터!$P$19>=$E33,마스터!$P$19<=$F33,OR($F$19=0,마스터!$G$19>0)),마스터!$C$19&"("&IF(마스터!$P$19-$D33>=0,"+","")&TEXT(마스터!$P$19-$D33,"#,##0")&")","")) -> 60*40(-1,390) | P33: =IF(OR(NOT(ISNUMBER($E33)),NOT(ISNUMBER(마스터!$P$20))),"",IF(AND(마스터!$P$20>=$E33,마스터!$P$20<=$F33,OR($F$19=0,마스터!$G$20>0)),마스터!$C$20&"("&IF(마스터!$P$20-$D33>=0,"+","")&TEXT(마스터!$P$20-$D33,"#,##0")&")","")) -> 70*50(-1,190) | Q33: =IF(OR(NOT(ISNUMBER($E33)),NOT(ISNUMBER(마스터!$P$25))),"",IF(AND(마스터!$P$25>=$E33,마스터!$P$25<=$F33,OR($F$19=0,마스터!$G$25>0)),마스터!$C$25&"("&IF(마스터!$P$25-$D33>=0,"+","")&TEXT(마스터!$P$25-$D33,"#,##0")&")","")) -> 100*90(+6,760) | R33: =IF(OR(NOT(ISNUMBER($E33)),NOT(ISNUMBER(마스터!$P$22))),"",IF(AND(마스터!$P$22>=$E33,마스터!$P$22<=$F33,OR($F$19=0,마스터!$G$22>0)),마스터!$C$22&"("&IF(마스터!$P$22-$D33>=0,"+","")&TEXT(마스터!$P$22-$D33,"#,##0")&")","")) -> 100*35(+7,010) | S33: =IF(OR(NOT(ISNUMBER($E33)),NOT(ISNUMBER(마스터!$P$23))),"",IF(AND(마스터!$P$23>=$E33,마스터!$P$23<=$F33,OR($F$19=0,마스터!$G$23>0)),마스터!$C$23&"("&IF(마스터!$P$23-$D33>=0,"+","")&TEXT(마스터!$P$23-$D33,"#,##0")&")","")) | T33: =IF(OR(NOT(ISNUMBER($E33)),NOT(ISNUMBER(마스터!$P$17))),"",IF(AND(마스터!$P$17>=$E33,마스터!$P$17<=$F33,OR($F$19=0,마스터!$G$17>0)),마스터!$C$17&"("&IF(마스터!$P$17-$D33>=0,"+","")&TEXT(마스터!$P$17-$D33,"#,##0")&")","")) -> 40*20(-1,030)

Sheet 판매현황
B1: 중국라벨 오픈마켓 판매현황
A2: 입고일자 | B2: 판매일자 | C2: 재질 | D2: 규격 (가로×세로) | E2: 판매가격(원) | F2: 판매처 (쿠팡/지마켓/ 전문몰/11번가) | G2: 판매수량(롤) | H2: 비고
A3: 46119 | B3: 46261 | C3: 유포지 | D3: 100*80 | F3: 지마켓 | G3: 19 | H3: 지마켓 총 63롤
A4: 46119 | B4: 46191 | C4: 아트지 | D4: 100*100 | E4: 7980 | F4: 전문몰 | G4: 10 | H4: 오픈몰x재고 없어서/퀵
A5: 46119 | B5: 46272 | C5: 아트지 | D5: 100*100 | F5: 전문몰 | G5: 1
A6: 46119 | B6: 46261 | C6: 감열지 | D6: 80*70 | E6: 6930 | F6: 쿠팡 | G6: 1
A7: 46119 | B7: 46261 | C7: 유포지 | D7: 30*15 | E7: 5030 | F7: 쿠팡 | G7: 2 | H7: 쿠팡 총 14롤
A8: 46119 | B8: 46260 | C8: 유포지 | D8: 70*50 | F8: 전문몰 | G8: 1 | H8: 전문몰 총 99롤
A9: 46119 | B9: 46258 | C9: 유포지 | D9: 70*50 | F9: 전문몰 | G9: 4
A10: 46119 | B10: 46255 | C10: 유포지 | D10: 100*100 | F10: 전문몰 | G10: 1
A11: 46119 | B11: 46255 | C11: 유포지 | D11: 100*100 | F11: 전문몰 | G11: 5
A12: 46119 | B12: 46255 | C12: 유포지 | D12: 100*100 | F12: 전문몰 | G12: 1
A13: 46119 | B13: 46255 | C13: 감열지 | D13: 100*100 | E13: 9350 | F13: 지마켓 | G13: 16
A14: 46119 | B14: 46261 | C14: 아트지 | D14: 100*60 | E14: 7150 | F14: 쿠팡 | G14: 2
A15: 46119 | B15: 46247 | C15: 유포지 | D15: 100*100 | F15: 전문몰 | G15: 2
A16: 46119 | B16: 46247 | C16: 유포지 | D16: 100*100 | F16: 전문몰 | G16: 5
A17: 46119 | B17: 46241 | C17: 유포지 | D17: 100*35 | F17: 전문몰 | G17: 1
A18: 46119 | B18: 46238 | C18: 유포지 | D18: 100*90 | F18: 전문몰 | G18: 2
A19: 46119 | B19: 46234 | C19: 유포지 | D19: 100*90 | F19: 쿠팡 | G19: 1
A20: 46119 | B20: 46254 | C20: 아트지 | D20: 100*60 | E20: 7150 | F20: 지마켓 | G20: 5
A21: 46119 | B21: 46267 | C21: 아트지 | D21: 100*60 | F21: 전문몰 | G21: 5
A22: 46119 | B22: 46211 | C22: 유포지 | D22: 70*50 | E22: 5990 | F22: 쿠팡 | G22: 1
A23: 46119 | B23: 46203 | C23: 유포지 | D23: 100*150 | E23: 10200 | F23: 전문몰 | G23: 5
A24: 46119 | B24: 46195 | C24: 유포지 | D24: 60*40 | E24: 5780 | F24: 전문몰 | G24: 5 | H24: 레진과 함께 출고
A25: 46119 | B25: 46268 | C25: 아트지 | D25: 100*60 | F25: 전문몰 | G25: 1
A26: 46119 | B26: 46185 | C26: 유포지 | D26: 30*15 | E26: 5020 | F26: 전문몰 | G26: 1
A27: 46119 | B27: 46184 | C27: 유포지 | D27: 100*70 | F27: 전문몰 | G27: 1
A28: 46119 | B28: 46183 | C28: 유포지 | D28: 30*15 | E28: 5020 | F28: 전문몰 | G28: 5 | H28: 왁스레진 함께 출고
A29: 46119 | B29: 46216 | C29: 아트지 | D29: 100*70 | H29: 품절
A30: 46119 | B30: 46168 | C30: 유포지 | D30: 50*30 | E30: 4950 | F30: 전문몰 | G30: 50 | H30: 품절/광고안함
A31: 46119 | B31: 46272 | C31: 아트지 | D31: 40*20 | F31: 전문몰 | G31: 2
A32: 46119 | B32: 46169 | C32: 아트지 | D32: 50*50 | E32: 3850 | F32: 지마켓 | G32: 20
A33: 46119 | B33: 46274 | C33: 아트지 | D33: 50*50 | F33: 쿠팡 | G33: 1
A34: 46119 | B34: 46272 | C34: 아트지 | D34: 50*50 | F34: 쿠팡 | G34: 1
A35: 46119 | B35: 46275 | C35: 유포지 | D35: 100*70 | F35: 쿠팡 | G35: 1
A36: 46119 | B36: 46237 | C36: 아트지 | D36: 60*40 | E36: 4930 | F36: 쿠팡 | G36: 1
A37: 46119 | B37: 46279 | C37: 아트지 | D37: 60*40 | F37: 쿠팡 | G37: 1
A38: 46119 | B38: 46216 | C38: 아트지 | D38: 70*40 | H38: 품절/재고없음
A39: 46119 | B39: 46268 | C39: 아트지 | D39: 80*40 | F39: 전문몰 | G39: 1
A40: 46119 | B40: 46269 | C40: 유포지 | D40: 30*15 | F40: 전문몰 | G40: 2
A41: 46119 | B41: 46269 | C41: 유포지 | D41: 70*50 | F41: 전문몰 | G41: 1
A42: 46119 | B42: 46275 | C42: 아트지 | D42: 80*60 | F42: 전문몰 | G42: 1
A43: 46119 | B43: 46286 | C43: 아트지 | D43: 60*40 | F43: 전문몰 | G43: 5
A44: 46119 | B44: 46295 | C44: 유포지 | D44: 70*50 | F44: 전문몰 | G44: 5
A45: 46119 | B45: 46295 | C45: 유포지 | D45: 30*15 | F45: 전문몰 | G45: 1
A46: 46119 | B46: 46295 | C46: 감열지 | D46: 100*100 | F46: 지마켓 | G46: 1
A47: 46119 | B47: 46295 | C47: 아트지 | D47: 80*60 | F47: 전문몰 | G47: 1
A48: 46119 | B48: 46296 | C48: 아트지 | D48: 40*20 | F48: 쿠팡 | G48: 12
A49: 46119 | B49: 46297 | C49: 유포지 | D49: 30*15 | F49: 전문몰 | G49: 1
A50: 46119 | B50: 46301 | C50: 아트지 | D50: 60*40 | F50: 쿠팡 | G50: 1
... A53: 46119 | B53: 46301 | C53: 감열지 | D53: 100*100 | F53: 코스모스몰 | G53: 6
G58: =SUBTOTAL(9,G3:G56) -> 229
G61: =SUBTOTAL(9,G44:G49) -> 21
