Workbook

Sheet 주별 판매
A1: 주별 판매 수량 · 건수
A2: 건수 = 판매 기록 줄 수, 수량 = 롤 · 노란 줄 = 광고 기간 (광고 시작 2026-09-28, 판매처 전문몰)
A4: 시작일 | B4: 종료일 | C4: 기간 | D4: 광고 | E4: 건수 | F4: 수량(롤) | G4: 쿠팡 (롤) | H4: 지마켓 (롤) | I4: 11번가 (롤) | J4: 전문몰 (롤) | K4: 코스모스몰 (롤) | L4: 아트지 (롤) | M4: 유포지 (롤) | N4: 감열지 (롤) | O4: 전문몰 건수 | P4: 그 외 건수
A5: 46167 | B5: 46173 | C5: =TEXT(A5,"m/d")&" – "&TEXT(B5,"m/d") -> 5/25 – 5/31 | D5: =IF(AND('광고 효과'!$C$5>=A5,'광고 효과'!$C$5<=B5),"광고 시작",IF(A5>'광고 효과'!$C$5,"광고 중","")) | E5: =COUNTIFS('판매 기록'!$A$5:$A$500,">="&$A5,'판매 기록'!$A$5:$A$500,"<="&$B5) -> 2 | F5: =SUMIFS('판매 기록'!$E$5:$E$500,'판매 기록'!$A$5:$A$500,">="&$A5,'판매 기록'!$A$5:$A$500,"<="&$B5) -> 70 | G5: =SUMIFS('판매 기록'!$E$5:$E$500,'판매 기록'!$A$5:$A$500,">="&$A5,'판매 기록'!$A$5:$A$500,"<="&$B5,'판매 기록'!$D$5:$D$500,"쿠팡") -> 0 | H5: =SUMIFS('판매 기록'!$E$5:$E$500,'판매 기록'!$A$5:$A$500,">="&$A5,'판매 기록'!$A$5:$A$500,"<="&$B5,'판매 기록'!$D$5:$D$500,"지마켓") -> 20 | I5: =SUMIFS('판매 기록'!$E$5:$E$500,'판매 기록'!$A$5:$A$500,">="&$A5,'판매 기록'!$A$5:$A$500,"<="&$B5,'판매 기록'!$D$5:$D$500,"11번가") -> 0 | J5: =SUMIFS('판매 기록'!$E$5:$E$500,'판매 기록'!$A$5:$A$500,">="&$A5,'판매 기록'!$A$5:$A$500,"<="&$B5,'판매 기록'!$D$5:$D$500,"전문몰") -> 50 | K5: =SUMIFS('판매 기록'!$E$5:$E$500,'판매 기록'!$A$5:$A$500,">="&$A5,'판매 기록'!$A$5:$A$500,"<="&$B5,'판매 기록'!$D$5:$D$500,"코스모스몰") -> 0 | L5: =SUMIFS('판매 기록'!$E$5:$E$500,'판매 기록'!$A$5:$A$500,">="&$A5,'판매 기록'!$A$5:$A$500,"<="&$B5,'판매 기록'!$B$5:$B$500,"아트지") -> 20 | M5: =SUMIFS('판매 기록'!$E$5:$E$500,'판매 기록'!$A$5:$A$500,">="&$A5,'판매 기록'!$A$5:$A$500,"<="&$B5,'판매 기록'!$B$5:$B$500,"유포지") -> 50 | N5: =SUMIFS('판매 기록'!$E$5:$E$500,'판매 기록'!$A$5:$A$500,">="&$A5,'판매 기록'!$A$5:$A$500,"<="&$B5,'판매 기록'!$B$5:$B$500,"감열지") -> 0 | O5: =COUNTIFS('판매 기록'!$A$5:$A$500,">="&$A5,'판매 기록'!$A$5:$A$500,"<="&$B5,'판매 기록'!$D$5:$D$500,"전문몰") -> 1 | P5: =E5-O5 -> 1
A6: 46174 | B6: 46180 | C6: =TEXT(A6,"m/d")&" – "&TEXT(B6,"m/d") -> 6/1 – 6/7 | D6: =IF(AND('광고 효과'!$C$5>=A6,'광고 효과'!$C$5<=B6),"광고 시작",IF(A6>'광고 효과'!$C$5,"광고 중","")) | E6: =COUNTIFS('판매 기록'!$A$5:$A$500,">="&$A6,'판매 기록'!$A$5:$A$500,"<="&$B6) -> 0 | F6: =SUMIFS('판매 기록'!$E$5:$E$500,'판매 기록'!$A$5:$A$500,">="&$A6,'판매 기록'!$A$5:$A$500,"<="&$B6) -> 0 | G6: =SUMIFS('판매 기록'!$E$5:$E$500,'판매 기록'!$A$5:$A$500,">="&$A6,'판매 기록'!$A$5:$A$500,"<="&$B6,'판매 기록'!$D$5:$D$500,"쿠팡") -> 0 | H6: =SUMIFS('판매 기록'!$E$5:$E$500,'판매 기록'!$A$5:$A$500,">="&$A6,'판매 기록'!$A$5:$A$500,"<="&$B6,'판매 기록'!$D$5:$D$500,"지마켓") -> 0 | I6: =SUMIFS('판매 기록'!$E$5:$E$500,'판매 기록'!$A$5:$A$500,">="&$A6,'판매 기록'!$A$5:$A$500,"<="&$B6,'판매 기록'!$D$5:$D$500,"11번가") -> 0 | J6: =SUMIFS('판매 기록'!$E$5:$E$500,'판매 기록'!$A$5:$A$500,">="&$A6,'판매 기록'!$A$5:$A$500,"<="&$B6,'판매 기록'!$D$5:$D$500,"전문몰") -> 0 | K6: =SUMIFS('판매 기록'!$E$5:$E$500,'판매 기록'!$A$5:$A$500,">="&$A6,'판매 기록'!$A$5:$A$500,"<="&$B6,'판매 기록'!$D$5:$D$500,"코스모스몰") -> 0 | L6: =SUMIFS('판매 기록'!$E$5:$E$500,'판매 기록'!$A$5:$A$500,">="&$A6,'판매 기록'!$A$5:$A$500,"<="&$B6,'판매 기록'!$B$5:$B$500,"아트지") -> 0 | M6: =SUMIFS('판매 기록'!$E$5:$E$500,'판매 기록'!$A$5:$A$500,">="&$A6,'판매 기록'!$A$5:$A$500,"<="&$B6,'판매 기록'!$B$5:$B$500,"유포지") -> 0 | N6: =SUMIFS('판매 기록'!$E$5:$E$500,'판매 기록'!$A$5:$A$500,">="&$A6,'판매 기록'!$A$5:$A$500,"<="&$B6,'판매 기록'!$B$5:$B$500,"감열지") -> 0 | O6: =COUNTIFS('판매 기록'!$A$5:$A$500,">="&$A6,'판매 기록'!$A$5:$A$500,"<="&$B6,'판매 기록'!$D$5:$D$500,"전문몰") -> 0 | P6: =E6-O6 -> 0
A7: 46181 | B7: 46187 | C7: =TEXT(A7,"m/d")&" – "&TEXT(B7,"m/d") -> 6/8 – 6/14 | D7: =IF(AND('광고 효과'!$C$5>=A7,'광고 효과'!$C$5<=B7),"광고 시작",IF(A7>'광고 효과'!$C$5,"광고 중","")) | E7: =COUNTIFS('판매 기록'!$A$5:$A$500,">="&$A7,'판매 기록'!$A$5:$A$500,"<="&$B7) -> 3 | F7: =SUMIFS('판매 기록'!$E$5:$E$500,'판매 기록'!$A$5:$A$500,">="&$A7,'판매 기록'!$A$5:$A$500,"<="&$B7) -> 7 | G7: =SUMIFS('판매 기록'!$E$5:$E$500,'판매 기록'!$A$5:$A$500,">="&$A7,'판매 기록'!$A$5:$A$500,"<="&$B7,'판매 기록'!$D$5:$D$500,"쿠팡") -> 0 | H7: =SUMIFS('판매 기록'!$E$5:$E$500,'판매 기록'!$A$5:$A$500,">="&$A7,'판매 기록'!$A$5:$A$500,"<="&$B7,'판매 기록'!$D$5:$D$500,"지마켓") -> 0 | I7: =SUMIFS('판매 기록'!$E$5:$E$500,'판매 기록'!$A$5:$A$500,">="&$A7,'판매 기록'!$A$5:$A$500,"<="&$B7,'판매 기록'!$D$5:$D$500,"11번가") -> 0 | J7: =SUMIFS('판매 기록'!$E$5:$E$500,'판매 기록'!$A$5:$A$500,">="&$A7,'판매 기록'!$A$5:$A$500,"<="&$B7,'판매 기록'!$D$5:$D$500,"전문몰") -> 7 | K7: =SUMIFS('판매 기록'!$E$5:$E$500,'판매 기록'!$A$5:$A$500,">="&$A7,'판매 기록'!$A$5:$A$500,"<="&$B7,'판매 기록'!$D$5:$D$500,"코스모스몰") -> 0 | L7: =SUMIFS('판매 기록'!$E$5:$E$500,'판매 기록'!$A$5:$A$500,">="&$A7,'판매 기록'!$A$5:$A$500,"<="&$B7,'판매 기록'!$B$5:$B$500,"아트지") -> 0 | M7: =SUMIFS('판매 기록'!$E$5:$E$500,'판매 기록'!$A$5:$A$500,">="&$A7,'판매 기록'!$A$5:$A$500,"<="&$B7,'판매 기록'!$B$5:$B$500,"유포지") -> 7 | N7: =SUMIFS('판매 기록'!$E$5:$E$500,'판매 기록'!$A$5:$A$500,">="&$A7,'판매 기록'!$A$5:$A$500,"<="&$B7,'판매 기록'!$B$5:$B$500,"감열지") -> 0 | O7: =COUNTIFS('판매 기록'!$A$5:$A$500,">="&$A7,'판매 기록'!$A$5:$A$500,"<="&$B7,'판매 기록'!$D$5:$D$500,"전문몰") -> 3 | P7: =E7-O7 -> 0
A8: 46188 | B8: 46194 | C8: =TEXT(A8,"m/d")&" – "&TEXT(B8,"m/d") -> 6/15 – 6/21 | D8: =IF(AND('광고 효과'!$C$5>=A8,'광고 효과'!$C$5<=B8),"광고 시작",IF(A8>'광고 효과'!$C$5,"광고 중","")) | E8: =COUNTIFS('판매 기록'!$A$5:$A$500,">="&$A8,'판매 기록'!$A$5:$A$500,"<="&$B8) -> 1 | F8: =SUMIFS('판매 기록'!$E$5:$E$500,'판매 기록'!$A$5:$A$500,">="&$A8,'판매 기록'!$A$5:$A$500,"<="&$B8) -> 10 | G8: =SUMIFS('판매 기록'!$E$5:$E$500,'판매 기록'!$A$5:$A$500,">="&$A8,'판매 기록'!$A$5:$A$500,"<="&$B8,'판매 기록'!$D$5:$D$500,"쿠팡") -> 0 | H8: =SUMIFS('판매 기록'!$E$5:$E$500,'판매 기록'!$A$5:$A$500,">="&$A8,'판매 기록'!$A$5:$A$500,"<="&$B8,'판매 기록'!$D$5:$D$500,"지마켓") -> 0 | I8: =SUMIFS('판매 기록'!$E$5:$E$500,'판매 기록'!$A$5:$A$500,">="&$A8,'판매 기록'!$A$5:$A$500,"<="&$B8,'판매 기록'!$D$5:$D$500,"11번가") -> 0 | J8: =SUMIFS('판매 기록'!$E$5:$E$500,'판매 기록'!$A$5:$A$500,">="&$A8,'판매 기록'!$A$5:$A$500,"<="&$B8,'판매 기록'!$D$5:$D$500,"전문몰") -> 10 | K8: =SUMIFS('판매 기록'!$E$5:$E$500,'판매 기록'!$A$5:$A$500,">="&$A8,'판매 기록'!$A$5:$A$500,"<="&$B8,'판매 기록'!$D$5:$D$500,"코스모스몰") -> 0 | L8: =SUMIFS('판매 기록'!$E$5:$E$500,'판매 기록'!$A$5:$A$500,">="&$A8,'판매 기록'!$A$5:$A$500,"<="&$B8,'판매 기록'!$B$5:$B$500,"아트지") -> 10 | M8: =SUMIFS('판매 기록'!$E$5:$E$500,'판매 기록'!$A$5:$A$500,">="&$A8,'판매 기록'!$A$5:$A$500,"<="&$B8,'판매 기록'!$B$5:$B$500,"유포지") -> 0 | N8: =SUMIFS('판매 기록'!$E$5:$E$500,'판매 기록'!$A$5:$A$500,">="&$A8,'판매 기록'!$A$5:$A$500,"<="&$B8,'판매 기록'!$B$5:$B$500,"감열지") -> 0 | O8: =COUNTIFS('판매 기록'!$A$5:$A$500,">="&$A8,'판매 기록'!$A$5:$A$500,"<="&$B8,'판매 기록'!$D$5:$D$500,"전문몰") -> 1 | P8: =E8-O8 -> 0
A9: 46195 | B9: 46201 | C9: =TEXT(A9,"m/d")&" – "&TEXT(B9,"m/d") -> 6/22 – 6/28 | D9: =IF(AND('광고 효과'!$C$5>=A9,'광고 효과'!$C$5<=B9),"광고 시작",IF(A9>'광고 효과'!$C$5,"광고 중","")) | E9: =COUNTIFS('판매 기록'!$A$5:$A$500,">="&$A9,'판매 기록'!$A$5:$A$500,"<="&$B9) -> 1 | F9: =SUMIFS('판매 기록'!$E$5:$E$500,'판매 기록'!$A$5:$A$500,">="&$A9,'판매 기록'!$A$5:$A$500,"<="&$B9) -> 5 | G9: =SUMIFS('판매 기록'!$E$5:$E$500,'판매 기록'!$A$5:$A$500,">="&$A9,'판매 기록'!$A$5:$A$500,"<="&$B9,'판매 기록'!$D$5:$D$500,"쿠팡") -> 0 | H9: =SUMIFS('판매 기록'!$E$5:$E$500,'판매 기록'!$A$5:$A$500,">="&$A9,'판매 기록'!$A$5:$A$500,"<="&$B9,'판매 기록'!$D$5:$D$500,"지마켓") -> 0 | I9: =SUMIFS('판매 기록'!$E$5:$E$500,'판매 기록'!$A$5:$A$500,">="&$A9,'판매 기록'!$A$5:$A$500,"<="&$B9,'판매 기록'!$D$5:$D$500,"11번가") -> 0 | J9: =SUMIFS('판매 기록'!$E$5:$E$500,'판매 기록'!$A$5:$A$500,">="&$A9,'판매 기록'!$A$5:$A$500,"<="&$B9,'판매 기록'!$D$5:$D$500,"전문몰") -> 5 | K9: =SUMIFS('판매 기록'!$E$5:$E$500,'판매 기록'!$A$5:$A$500,">="&$A9,'판매 기록'!$A$5:$A$500,"<="&$B9,'판매 기록'!$D$5:$D$500,"코스모스몰") -> 0 | L9: =SUMIFS('판매 기록'!$E$5:$E$500,'판매 기록'!$A$5:$A$500,">="&$A9,'판매 기록'!$A$5:$A$500,"<="&$B9,'판매 기록'!$B$5:$B$500,"아트지") -> 0 | M9: =SUMIFS('판매 기록'!$E$5:$E$500,'판매 기록'!$A$5:$A$500,">="&$A9,'판매 기록'!$A$5:$A$500,"<="&$B9,'판매 기록'!$B$5:$B$500,"유포지") -> 5 | N9: =SUMIFS('판매 기록'!$E$5:$E$500,'판매 기록'!$A$5:$A$500,">="&$A9,'판매 기록'!$A$5:$A$500,"<="&$B9,'판매 기록'!$B$5:$B$500,"감열지") -> 0 | O9: =COUNTIFS('판매 기록'!$A$5:$A$500,">="&$A9,'판매 기록'!$A$5:$A$500,"<="&$B9,'판매 기록'!$D$5:$D$500,"전문몰") -> 1 | P9: =E9-O9 -> 0
A10: 46202 | B10: 46208 | C10: =TEXT(A10,"m/d")&" – "&TEXT(B10,"m/d") -> 6/29 – 7/5 | D10: =IF(AND('광고 효과'!$C$5>=A10,'광고 효과'!$C$5<=B10),"광고 시작",IF(A10>'광고 효과'!$C$5,"광고 중","")) | E10: =COUNTIFS('판매 기록'!$A$5:$A$500,">="&$A10,'판매 기록'!$A$5:$A$500,"<="&$B10) -> 1 | F10: =SUMIFS('판매 기록'!$E$5:$E$500,'판매 기록'!$A$5:$A$500,">="&$A10,'판매 기록'!$A$5:$A$500,"<="&$B10) -> 5 | G10: =SUMIFS('판매 기록'!$E$5:$E$500,'판매 기록'!$A$5:$A$500,">="&$A10,'판매 기록'!$A$5:$A$500,"<="&$B10,'판매 기록'!$D$5:$D$500,"쿠팡") -> 0 | H10: =SUMIFS('판매 기록'!$E$5:$E$500,'판매 기록'!$A$5:$A$500,">="&$A10,'판매 기록'!$A$5:$A$500,"<="&$B10,'판매 기록'!$D$5:$D$500,"지마켓") -> 0 | I10: =SUMIFS('판매 기록'!$E$5:$E$500,'판매 기록'!$A$5:$A$500,">="&$A10,'판매 기록'!$A$5:$A$500,"<="&$B10,'판매 기록'!$D$5:$D$500,"11번가") -> 0 | J10: =SUMIFS('판매 기록'!$E$5:$E$500,'판매 기록'!$A$5:$A$500,">="&$A10,'판매 기록'!$A$5:$A$500,"<="&$B10,'판매 기록'!$D$5:$D$500,"전문몰") -> 5 | K10: =SUMIFS('판매 기록'!$E$5:$E$500,'판매 기록'!$A$5:$A$500,">="&$A10,'판매 기록'!$A$5:$A$500,"<="&$B10,'판매 기록'!$D$5:$D$500,"코스모스몰") -> 0 | L10: =SUMIFS('판매 기록'!$E$5:$E$500,'판매 기록'!$A$5:$A$500,">="&$A10,'판매 기록'!$A$5:$A$500,"<="&$B10,'판매 기록'!$B$5:$B$500,"아트지") -> 0 | M10: =SUMIFS('판매 기록'!$E$5:$E$500,'판매 기록'!$A$5:$A$500,">="&$A10,'판매 기록'!$A$5:$A$500,"<="&$B10,'판매 기록'!$B$5:$B$500,"유포지") -> 5 | N10: =SUMIFS('판매 기록'!$E$5:$E$500,'판매 기록'!$A$5:$A$500,">="&$A10,'판매 기록'!$A$5:$A$500,"<="&$B10,'판매 기록'!$B$5:$B$500,"감열지") -> 0 | O10: =COUNTIFS('판매 기록'!$A$5:$A$500,">="&$A10,'판매 기록'!$A$5:$A$500,"<="&$B10,'판매 기록'!$D$5:$D$500,"전문몰") -> 1 | P10: =E10-O10 -> 0
A11: 46209 | B11: 46215 | C11: =TEXT(A11,"m/d")&" – "&TEXT(B11,"m/d") -> 7/6 – 7/12 | D11: =IF(AND('광고 효과'!$C$5>=A11,'광고 효과'!$C$5<=B11),"광고 시작",IF(A11>'광고 효과'!$C$5,"광고 중","")) | E11: =COUNTIFS('판매 기록'!$A$5:$A$500,">="&$A11,'판매 기록'!$A$5:$A$500,"<="&$B11) -> 1 | F11: =SUMIFS('판매 기록'!$E$5:$E$500,'판매 기록'!$A$5:$A$500,">="&$A11,'판매 기록'!$A$5:$A$500,"<="&$B11) -> 1 | G11: =SUMIFS('판매 기록'!$E$5:$E$500,'판매 기록'!$A$5:$A$500,">="&$A11,'판매 기록'!$A$5:$A$500,"<="&$B11,'판매 기록'!$D$5:$D$500,"쿠팡") -> 1 | H11: =SUMIFS('판매 기록'!$E$5:$E$500,'판매 기록'!$A$5:$A$500,">="&$A11,'판매 기록'!$A$5:$A$500,"<="&$B11,'판매 기록'!$D$5:$D$500,"지마켓") -> 0 | I11: =SUMIFS('판매 기록'!$E$5:$E$500,'판매 기록'!$A$5:$A$500,">="&$A11,'판매 기록'!$A$5:$A$500,"<="&$B11,'판매 기록'!$D$5:$D$500,"11번가") -> 0 | J11: =SUMIFS('판매 기록'!$E$5:$E$500,'판매 기록'!$A$5:$A$500,">="&$A11,'판매 기록'!$A$5:$A$500,"<="&$B11,'판매 기록'!$D$5:$D$500,"전문몰") -> 0 | K11: =SUMIFS('판매 기록'!$E$5:$E$500,'판매 기록'!$A$5:$A$500,">="&$A11,'판매 기록'!$A$5:$A$500,"<="&$B11,'판매 기록'!$D$5:$D$500,"코스모스몰") -> 0 | L11: =SUMIFS('판매 기록'!$E$5:$E$500,'판매 기록'!$A$5:$A$500,">="&$A11,'판매 기록'!$A$5:$A$500,"<="&$B11,'판매 기록'!$B$5:$B$500,"아트지") -> 0 | M11: =SUMIFS('판매 기록'!$E$5:$E$500,'판매 기록'!$A$5:$A$500,">="&$A11,'판매 기록'!$A$5:$A$500,"<="&$B11,'판매 기록'!$B$5:$B$500,"유포지") -> 1 | N11: =SUMIFS('판매 기록'!$E$5:$E$500,'판매 기록'!$A$5:$A$500,">="&$A11,'판매 기록'!$A$5:$A$500,"<="&$B11,'판매 기록'!$B$5:$B$500,"감열지") -> 0 | O11: =COUNTIFS('판매 기록'!$A$5:$A$500,">="&$A11,'판매 기록'!$A$5:$A$500,"<="&$B11,'판매 기록'!$D$5:$D$500,"전문몰") -> 0 | P11: =E11-O11 -> 1
A12: 46216 | B12: 46222 | C12: =TEXT(A12,"m/d")&" – "&TEXT(B12,"m/d") -> 7/13 – 7/19 | D12: =IF(AND('광고 효과'!$C$5>=A12,'광고 효과'!$C$5<=B12),"광고 시작",IF(A12>'광고 효과'!$C$5,"광고 중","")) | E12: =COUNTIFS('판매 기록'!$A$5:$A$500,">="&$A12,'판매 기록'!$A$5:$A$500,"<="&$B12) -> 0 | F12: =SUMIFS('판매 기록'!$E$5:$E$500,'판매 기록'!$A$5:$A$500,">="&$A12,'판매 기록'!$A$5:$A$500,"<="&$B12) -> 0 | G12: =SUMIFS('판매 기록'!$E$5:$E$500,'판매 기록'!$A$5:$A$500,">="&$A12,'판매 기록'!$A$5:$A$500,"<="&$B12,'판매 기록'!$D$5:$D$500,"쿠팡") -> 0 | H12: =SUMIFS('판매 기록'!$E$5:$E$500,'판매 기록'!$A$5:$A$500,">="&$A12,'판매 기록'!$A$5:$A$500,"<="&$B12,'판매 기록'!$D$5:$D$500,"지마켓") -> 0 | I12: =SUMIFS('판매 기록'!$E$5:$E$500,'판매 기록'!$A$5:$A$500,">="&$A12,'판매 기록'!$A$5:$A$500,"<="&$B12,'판매 기록'!$D$5:$D$500,"11번가") -> 0 | J12: =SUMIFS('판매 기록'!$E$5:$E$500,'판매 기록'!$A$5:$A$500,">="&$A12,'판매 기록'!$A$5:$A$500,"<="&$B12,'판매 기록'!$D$5:$D$500,"전문몰") -> 0 | K12: =SUMIFS('판매 기록'!$E$5:$E$500,'판매 기록'!$A$5:$A$500,">="&$A12,'판매 기록'!$A$5:$A$500,"<="&$B12,'판매 기록'!$D$5:$D$500,"코스모스몰") -> 0 | L12: =SUMIFS('판매 기록'!$E$5:$E$500,'판매 기록'!$A$5:$A$500,">="&$A12,'판매 기록'!$A$5:$A$500,"<="&$B12,'판매 기록'!$B$5:$B$500,"아트지") -> 0 | M12: =SUMIFS('판매 기록'!$E$5:$E$500,'판매 기록'!$A$5:$A$500,">="&$A12,'판매 기록'!$A$5:$A$500,"<="&$B12,'판매 기록'!$B$5:$B$500,"유포지") -> 0 | N12: =SUMIFS('판매 기록'!$E$5:$E$500,'판매 기록'!$A$5:$A$500,">="&$A12,'판매 기록'!$A$5:$A$500,"<="&$B12,'판매 기록'!$B$5:$B$500,"감열지") -> 0 | O12: =COUNTIFS('판매 기록'!$A$5:$A$500,">="&$A12,'판매 기록'!$A$5:$A$500,"<="&$B12,'판매 기록'!$D$5:$D$500,"전문몰") -> 0 | P12: =E12-O12 -> 0
A13: 46223 | B13: 46229 | C13: =TEXT(A13,"m/d")&" – "&TEXT(B13,"m/d") -> 7/20 – 7/26 | D13: =IF(AND('광고 효과'!$C$5>=A13,'광고 효과'!$C$5<=B13),"광고 시작",IF(A13>'광고 효과'!$C$5,"광고 중","")) | E13: =COUNTIFS('판매 기록'!$A$5:$A$500,">="&$A13,'판매 기록'!$A$5:$A$500,"<="&$B13) -> 0 | F13: =SUMIFS('판매 기록'!$E$5:$E$500,'판매 기록'!$A$5:$A$500,">="&$A13,'판매 기록'!$A$5:$A$500,"<="&$B13) -> 0 | G13: =SUMIFS('판매 기록'!$E$5:$E$500,'판매 기록'!$A$5:$A$500,">="&$A13,'판매 기록'!$A$5:$A$500,"<="&$B13,'판매 기록'!$D$5:$D$500,"쿠팡") -> 0 | H13: =SUMIFS('판매 기록'!$E$5:$E$500,'판매 기록'!$A$5:$A$500,">="&$A13,'판매 기록'!$A$5:$A$500,"<="&$B13,'판매 기록'!$D$5:$D$500,"지마켓") -> 0 | I13: =SUMIFS('판매 기록'!$E$5:$E$500,'판매 기록'!$A$5:$A$500,">="&$A13,'판매 기록'!$A$5:$A$500,"<="&$B13,'판매 기록'!$D$5:$D$500,"11번가") -> 0 | J13: =SUMIFS('판매 기록'!$E$5:$E$500,'판매 기록'!$A$5:$A$500,">="&$A13,'판매 기록'!$A$5:$A$500,"<="&$B13,'판매 기록'!$D$5:$D$500,"전문몰") -> 0 | K13: =SUMIFS('판매 기록'!$E$5:$E$500,'판매 기록'!$A$5:$A$500,">="&$A13,'판매 기록'!$A$5:$A$500,"<="&$B13,'판매 기록'!$D$5:$D$500,"코스모스몰") -> 0 | L13: =SUMIFS('판매 기록'!$E$5:$E$500,'판매 기록'!$A$5:$A$500,">="&$A13,'판매 기록'!$A$5:$A$500,"<="&$B13,'판매 기록'!$B$5:$B$500,"아트지") -> 0 | M13: =SUMIFS('판매 기록'!$E$5:$E$500,'판매 기록'!$A$5:$A$500,">="&$A13,'판매 기록'!$A$5:$A$500,"<="&$B13,'판매 기록'!$B$5:$B$500,"유포지") -> 0 | N13: =SUMIFS('판매 기록'!$E$5:$E$500,'판매 기록'!$A$5:$A$500,">="&$A13,'판매 기록'!$A$5:$A$500,"<="&$B13,'판매 기록'!$B$5:$B$500,"감열지") -> 0 | O13: =COUNTIFS('판매 기록'!$A$5:$A$500,">="&$A13,'판매 기록'!$A$5:$A$500,"<="&$B13,'판매 기록'!$D$5:$D$500,"전문몰") -> 0 | P13: =E13-O13 -> 0
A14: 46230 | B14: 46236 | C14: =TEXT(A14,"m/d")&" – "&TEXT(B14,"m/d") -> 7/27 – 8/2 | D14: =IF(AND('광고 효과'!$C$5>=A14,'광고 효과'!$C$5<=B14),"광고 시작",IF(A14>'광고 효과'!$C$5,"광고 중","")) | E14: =COUNTIFS('판매 기록'!$A$5:$A$500,">="&$A14,'판매 기록'!$A$5:$A$500,"<="&$B14) -> 1 | F14: =SUMIFS('판매 기록'!$E$5:$E$500,'판매 기록'!$A$5:$A$500,">="&$A14,'판매 기록'!$A$5:$A$500,"<="&$B14) -> 1 | G14: =SUMIFS('판매 기록'!$E$5:$E$500,'판매 기록'!$A$5:$A$500,">="&$A14,'판매 기록'!$A$5:$A$500,"<="&$B14,'판매 기록'!$D$5:$D$500,"쿠팡") -> 1 | H14: =SUMIFS('판매 기록'!$E$5:$E$500,'판매 기록'!$A$5:$A$500,">="&$A14,'판매 기록'!$A$5:$A$500,"<="&$B14,'판매 기록'!$D$5:$D$500,"지마켓") -> 0 | I14: =SUMIFS('판매 기록'!$E$5:$E$500,'판매 기록'!$A$5:$A$500,">="&$A14,'판매 기록'!$A$5:$A$500,"<="&$B14,'판매 기록'!$D$5:$D$500,"11번가") -> 0 | J14: =SUMIFS('판매 기록'!$E$5:$E$500,'판매 기록'!$A$5:$A$500,">="&$A14,'판매 기록'!$A$5:$A$500,"<="&$B14,'판매 기록'!$D$5:$D$500,"전문몰") -> 0 | K14: =SUMIFS('판매 기록'!$E$5:$E$500,'판매 기록'!$A$5:$A$500,">="&$A14,'판매 기록'!$A$5:$A$500,"<="&$B14,'판매 기록'!$D$5:$D$500,"코스모스몰") -> 0 | L14: =SUMIFS('판매 기록'!$E$5:$E$500,'판매 기록'!$A$5:$A$500,">="&$A14,'판매 기록'!$A$5:$A$500,"<="&$B14,'판매 기록'!$B$5:$B$500,"아트지") -> 0 | M14: =SUMIFS('판매 기록'!$E$5:$E$500,'판매 기록'!$A$5:$A$500,">="&$A14,'판매 기록'!$A$5:$A$500,"<="&$B14,'판매 기록'!$B$5:$B$500,"유포지") -> 1 | N14: =SUMIFS('판매 기록'!$E$5:$E$500,'판매 기록'!$A$5:$A$500,">="&$A14,'판매 기록'!$A$5:$A$500,"<="&$B14,'판매 기록'!$B$5:$B$500,"감열지") -> 0 | O14: =COUNTIFS('판매 기록'!$A$5:$A$500,">="&$A14,'판매 기록'!$A$5:$A$500,"<="&$B14,'판매 기록'!$D$5:$D$500,"전문몰") -> 0 | P14: =E14-O14 -> 1
A15: 46237 | B15: 46243 | C15: =TEXT(A15,"m/d")&" – "&TEXT(B15,"m/d") -> 8/3 – 8/9 | D15: =IF(AND('광고 효과'!$C$5>=A15,'광고 효과'!$C$5<=B15),"광고 시작",IF(A15>'광고 효과'!$C$5,"광고 중","")) | E15: =COUNTIFS('판매 기록'!$A$5:$A$500,">="&$A15,'판매 기록'!$A$5:$A$500,"<="&$B15) -> 3 | F15: =SUMIFS('판매 기록'!$E$5:$E$500,'판매 기록'!$A$5:$A$500,">="&$A15,'판매 기록'!$A$5:$A$500,"<="&$B15) -> 4 | G15: =SUMIFS('판매 기록'!$E$5:$E$500,'판매 기록'!$A$5:$A$500,">="&$A15,'판매 기록'!$A$5:$A$500,"<="&$B15,'판매 기록'!$D$5:$D$500,"쿠팡") -> 1 | H15: =SUMIFS('판매 기록'!$E$5:$E$500,'판매 기록'!$A$5:$A$500,">="&$A15,'판매 기록'!$A$5:$A$500,"<="&$B15,'판매 기록'!$D$5:$D$500,"지마켓") -> 0 | I15: =SUMIFS('판매 기록'!$E$5:$E$500,'판매 기록'!$A$5:$A$500,">="&$A15,'판매 기록'!$A$5:$A$500,"<="&$B15,'판매 기록'!$D$5:$D$500,"11번가") -> 0 | J15: =SUMIFS('판매 기록'!$E$5:$E$500,'판매 기록'!$A$5:$A$500,">="&$A15,'판매 기록'!$A$5:$A$500,"<="&$B15,'판매 기록'!$D$5:$D$500,"전문몰") -> 3 | K15: =SUMIFS('판매 기록'!$E$5:$E$500,'판매 기록'!$A$5:$A$500,">="&$A15,'판매 기록'!$A$5:$A$500,"<="&$B15,'판매 기록'!$D$5:$D$500,"코스모스몰") -> 0 | L15: =SUMIFS('판매 기록'!$E$5:$E$500,'판매 기록'!$A$5:$A$500,">="&$A15,'판매 기록'!$A$5:$A$500,"<="&$B15,'판매 기록'!$B$5:$B$500,"아트지") -> 1 | M15: =SUMIFS('판매 기록'!$E$5:$E$500,'판매 기록'!$A$5:$A$500,">="&$A15,'판매 기록'!$A$5:$A$500,"<="&$B15,'판매 기록'!$B$5:$B$500,"유포지") -> 3 | N15: =SUMIFS('판매 기록'!$E$5:$E$500,'판매 기록'!$A$5:$A$500,">="&$A15,'판매 기록'!$A$5:$A$500,"<="&$B15,'판매 기록'!$B$5:$B$500,"감열지") -> 0 | O15: =COUNTIFS('판매 기록'!$A$5:$A$500,">="&$A15,'판매 기록'!$A$5:$A$500,"<="&$B15,'판매 기록'!$D$5:$D$500,"전문몰") -> 2 | P15: =E15-O15 -> 1
A16: 46244 | B16: 46250 | C16: =TEXT(A16,"m/d")&" – "&TEXT(B16,"m/d") -> 8/10 – 8/16 | D16: =IF(AND('광고 효과'!$C$5>=A16,'광고 효과'!$C$5<=B16),"광고 시작",IF(A16>'광고 효과'!$C$5,"광고 중","")) | E16: =COUNTIFS('판매 기록'!$A$5:$A$500,">="&$A16,'판매 기록'!$A$5:$A$500,"<="&$B16) -> 2 | F16: =SUMIFS('판매 기록'!$E$5:$E$500,'판매 기록'!$A$5:$A$500,">="&$A16,'판매 기록'!$A$5:$A$500,"<="&$B16) -> 7 | G16: =SUMIFS('판매 기록'!$E$5:$E$500,'판매 기록'!$A$5:$A$500,">="&$A16,'판매 기록'!$A$5:$A$500,"<="&$B16,'판매 기록'!$D$5:$D$500,"쿠팡") -> 0 | H16: =SUMIFS('판매 기록'!$E$5:$E$500,'판매 기록'!$A$5:$A$500,">="&$A16,'판매 기록'!$A$5:$A$500,"<="&$B16,'판매 기록'!$D$5:$D$500,"지마켓") -> 0 | I16: =SUMIFS('판매 기록'!$E$5:$E$500,'판매 기록'!$A$5:$A$500,">="&$A16,'판매 기록'!$A$5:$A$500,"<="&$B16,'판매 기록'!$D$5:$D$500,"11번가") -> 0 | J16: =SUMIFS('판매 기록'!$E$5:$E$500,'판매 기록'!$A$5:$A$500,">="&$A16,'판매 기록'!$A$5:$A$500,"<="&$B16,'판매 기록'!$D$5:$D$500,"전문몰") -> 7 | K16: =SUMIFS('판매 기록'!$E$5:$E$500,'판매 기록'!$A$5:$A$500,">="&$A16,'판매 기록'!$A$5:$A$500,"<="&$B16,'판매 기록'!$D$5:$D$500,"코스모스몰") -> 0 | L16: =SUMIFS('판매 기록'!$E$5:$E$500,'판매 기록'!$A$5:$A$500,">="&$A16,'판매 기록'!$A$5:$A$500,"<="&$B16,'판매 기록'!$B$5:$B$500,"아트지") -> 0 | M16: =SUMIFS('판매 기록'!$E$5:$E$500,'판매 기록'!$A$5:$A$500,">="&$A16,'판매 기록'!$A$5:$A$500,"<="&$B16,'판매 기록'!$B$5:$B$500,"유포지") -> 7 | N16: =SUMIFS('판매 기록'!$E$5:$E$500,'판매 기록'!$A$5:$A$500,">="&$A16,'판매 기록'!$A$5:$A$500,"<="&$B16,'판매 기록'!$B$5:$B$500,"감열지") -> 0 | O16: =COUNTIFS('판매 기록'!$A$5:$A$500,">="&$A16,'판매 기록'!$A$5:$A$500,"<="&$B16,'판매 기록'!$D$5:$D$500,"전문몰") -> 2 | P16: =E16-O16 -> 0
... A24: 46300 | B24: 46306 | C24: =TEXT(A24,"m/d")&" – "&TEXT(B24,"m/d") -> 10/5 – 10/11 | D24: =IF(AND('광고 효과'!$C$5>=A24,'광고 효과'!$C$5<=B24),"광고 시작",IF(A24>'광고 효과'!$C$5,"광고 중","")) -> 광고 중 | E24: =COUNTIFS('판매 기록'!$A$5:$A$500,">="&$A24,'판매 기록'!$A$5:$A$500,"<="&$B24) -> 4 | F24: =SUMIFS('판매 기록'!$E$5:$E$500,'판매 기록'!$A$5:$A$500,">="&$A24,'판매 기록'!$A$5:$A$500,"<="&$B24) -> 18 | G24: =SUMIFS('판매 기록'!$E$5:$E$500,'판매 기록'!$A$5:$A$500,">="&$A24,'판매 기록'!$A$5:$A$500,"<="&$B24,'판매 기록'!$D$5:$D$500,"쿠팡") -> 12 | H24: =SUMIFS('판매 기록'!$E$5:$E$500,'판매 기록'!$A$5:$A$500,">="&$A24,'판매 기록'!$A$5:$A$500,"<="&$B24,'판매 기록'!$D$5:$D$500,"지마켓") -> 0 | I24: =SUMIFS('판매 기록'!$E$5:$E$500,'판매 기록'!$A$5:$A$500,">="&$A24,'판매 기록'!$A$5:$A$500,"<="&$B24,'판매 기록'!$D$5:$D$500,"11번가") -> 0 | J24: =SUMIFS('판매 기록'!$E$5:$E$500,'판매 기록'!$A$5:$A$500,">="&$A24,'판매 기록'!$A$5:$A$500,"<="&$B24,'판매 기록'!$D$5:$D$500,"전문몰") -> 0 | K24: =SUMIFS('판매 기록'!$E$5:$E$500,'판매 기록'!$A$5:$A$500,">="&$A24,'판매 기록'!$A$5:$A$500,"<="&$B24,'판매 기록'!$D$5:$D$500,"코스모스몰") -> 6 | L24: =SUMIFS('판매 기록'!$E$5:$E$500,'판매 기록'!$A$5:$A$500,">="&$A24,'판매 기록'!$A$5:$A$500,"<="&$B24,'판매 기록'!$B$5:$B$500,"아트지") -> 2 | M24: =SUMIFS('판매 기록'!$E$5:$E$500,'판매 기록'!$A$5:$A$500,">="&$A24,'판매 기록'!$A$5:$A$500,"<="&$B24,'판매 기록'!$B$5:$B$500,"유포지") -> 0 | N24: =SUMIFS('판매 기록'!$E$5:$E$500,'판매 기록'!$A$5:$A$500,">="&$A24,'판매 기록'!$A$5:$A$500,"<="&$B24,'판매 기록'!$B$5:$B$500,"감열지") -> 16 | O24: =COUNTIFS('판매 기록'!$A$5:$A$500,">="&$A24,'판매 기록'!$A$5:$A$500,"<="&$B24,'판매 기록'!$D$5:$D$500,"전문몰") -> 0 | P24: =E24-O24 -> 4
C25: 합계 | E25: =SUM(E5:E24) -> 48 | F25: =SUM(F5:F24) -> 228 | G25: =SUM(G5:G24) -> 36 | H25: =SUM(H5:H24) -> 61 | I25: =SUM(I5:I24) -> 0 | J25: =SUM(J5:J24) -> 125 | K25: =SUM(K5:K24) -> 6 | L25: =SUM(L5:L24) -> 71 | ... P25: =SUM(P5:P24) -> 20

Sheet 월별 판매
A1: 월별 판매 수량 · 건수
A2: 건수 = 판매 기록 줄 수, 수량 = 롤 · 노란 줄 = 광고 기간 (광고 시작 2026-09-28, 판매처 전문몰)
A4: 시작일 | B4: 종료일 | C4: 기간 | D4: 광고 | E4: 건수 | F4: 수량(롤) | G4: 쿠팡 (롤) | H4: 지마켓 (롤) | I4: 11번가 (롤) | J4: 전문몰 (롤) | K4: 코스모스몰 (롤) | L4: 아트지 (롤) | M4: 유포지 (롤) | N4: 감열지 (롤) | O4: 전문몰 건수 | P4: 그 외 건수
A5: 46143 | B5: 46173 | C5: =MONTH(A5)&"월" -> 5월 | D5: =IF(AND('광고 효과'!$C$5>=A5,'광고 효과'!$C$5<=B5),"광고 시작",IF(A5>'광고 효과'!$C$5,"광고 중","")) | E5: =COUNTIFS('판매 기록'!$A$5:$A$500,">="&$A5,'판매 기록'!$A$5:$A$500,"<="&$B5) -> 2 | F5: =SUMIFS('판매 기록'!$E$5:$E$500,'판매 기록'!$A$5:$A$500,">="&$A5,'판매 기록'!$A$5:$A$500,"<="&$B5) -> 70 | G5: =SUMIFS('판매 기록'!$E$5:$E$500,'판매 기록'!$A$5:$A$500,">="&$A5,'판매 기록'!$A$5:$A$500,"<="&$B5,'판매 기록'!$D$5:$D$500,"쿠팡") -> 0 | H5: =SUMIFS('판매 기록'!$E$5:$E$500,'판매 기록'!$A$5:$A$500,">="&$A5,'판매 기록'!$A$5:$A$500,"<="&$B5,'판매 기록'!$D$5:$D$500,"지마켓") -> 20 | I5: =SUMIFS('판매 기록'!$E$5:$E$500,'판매 기록'!$A$5:$A$500,">="&$A5,'판매 기록'!$A$5:$A$500,"<="&$B5,'판매 기록'!$D$5:$D$500,"11번가") -> 0 | J5: =SUMIFS('판매 기록'!$E$5:$E$500,'판매 기록'!$A$5:$A$500,">="&$A5,'판매 기록'!$A$5:$A$500,"<="&$B5,'판매 기록'!$D$5:$D$500,"전문몰") -> 50 | K5: =SUMIFS('판매 기록'!$E$5:$E$500,'판매 기록'!$A$5:$A$500,">="&$A5,'판매 기록'!$A$5:$A$500,"<="&$B5,'판매 기록'!$D$5:$D$500,"코스모스몰") -> 0 | L5: =SUMIFS('판매 기록'!$E$5:$E$500,'판매 기록'!$A$5:$A$500,">="&$A5,'판매 기록'!$A$5:$A$500,"<="&$B5,'판매 기록'!$B$5:$B$500,"아트지") -> 20 | M5: =SUMIFS('판매 기록'!$E$5:$E$500,'판매 기록'!$A$5:$A$500,">="&$A5,'판매 기록'!$A$5:$A$500,"<="&$B5,'판매 기록'!$B$5:$B$500,"유포지") -> 50 | N5: =SUMIFS('판매 기록'!$E$5:$E$500,'판매 기록'!$A$5:$A$500,">="&$A5,'판매 기록'!$A$5:$A$500,"<="&$B5,'판매 기록'!$B$5:$B$500,"감열지") -> 0 | O5: =COUNTIFS('판매 기록'!$A$5:$A$500,">="&$A5,'판매 기록'!$A$5:$A$500,"<="&$B5,'판매 기록'!$D$5:$D$500,"전문몰") -> 1 | P5: =E5-O5 -> 1
A6: 46174 | B6: 46203 | C6: =MONTH(A6)&"월" -> 6월 | D6: =IF(AND('광고 효과'!$C$5>=A6,'광고 효과'!$C$5<=B6),"광고 시작",IF(A6>'광고 효과'!$C$5,"광고 중","")) | E6: =COUNTIFS('판매 기록'!$A$5:$A$500,">="&$A6,'판매 기록'!$A$5:$A$500,"<="&$B6) -> 6 | F6: =SUMIFS('판매 기록'!$E$5:$E$500,'판매 기록'!$A$5:$A$500,">="&$A6,'판매 기록'!$A$5:$A$500,"<="&$B6) -> 27 | G6: =SUMIFS('판매 기록'!$E$5:$E$500,'판매 기록'!$A$5:$A$500,">="&$A6,'판매 기록'!$A$5:$A$500,"<="&$B6,'판매 기록'!$D$5:$D$500,"쿠팡") -> 0 | H6: =SUMIFS('판매 기록'!$E$5:$E$500,'판매 기록'!$A$5:$A$500,">="&$A6,'판매 기록'!$A$5:$A$500,"<="&$B6,'판매 기록'!$D$5:$D$500,"지마켓") -> 0 | I6: =SUMIFS('판매 기록'!$E$5:$E$500,'판매 기록'!$A$5:$A$500,">="&$A6,'판매 기록'!$A$5:$A$500,"<="&$B6,'판매 기록'!$D$5:$D$500,"11번가") -> 0 | J6: =SUMIFS('판매 기록'!$E$5:$E$500,'판매 기록'!$A$5:$A$500,">="&$A6,'판매 기록'!$A$5:$A$500,"<="&$B6,'판매 기록'!$D$5:$D$500,"전문몰") -> 27 | K6: =SUMIFS('판매 기록'!$E$5:$E$500,'판매 기록'!$A$5:$A$500,">="&$A6,'판매 기록'!$A$5:$A$500,"<="&$B6,'판매 기록'!$D$5:$D$500,"코스모스몰") -> 0 | L6: =SUMIFS('판매 기록'!$E$5:$E$500,'판매 기록'!$A$5:$A$500,">="&$A6,'판매 기록'!$A$5:$A$500,"<="&$B6,'판매 기록'!$B$5:$B$500,"아트지") -> 10 | M6: =SUMIFS('판매 기록'!$E$5:$E$500,'판매 기록'!$A$5:$A$500,">="&$A6,'판매 기록'!$A$5:$A$500,"<="&$B6,'판매 기록'!$B$5:$B$500,"유포지") -> 17 | N6: =SUMIFS('판매 기록'!$E$5:$E$500,'판매 기록'!$A$5:$A$500,">="&$A6,'판매 기록'!$A$5:$A$500,"<="&$B6,'판매 기록'!$B$5:$B$500,"감열지") -> 0 | O6: =COUNTIFS('판매 기록'!$A$5:$A$500,">="&$A6,'판매 기록'!$A$5:$A$500,"<="&$B6,'판매 기록'!$D$5:$D$500,"전문몰") -> 6 | P6: =E6-O6 -> 0
A7: 46204 | B7: 46234 | C7: =MONTH(A7)&"월" -> 7월 | D7: =IF(AND('광고 효과'!$C$5>=A7,'광고 효과'!$C$5<=B7),"광고 시작",IF(A7>'광고 효과'!$C$5,"광고 중","")) | E7: =COUNTIFS('판매 기록'!$A$5:$A$500,">="&$A7,'판매 기록'!$A$5:$A$500,"<="&$B7) -> 2 | F7: =SUMIFS('판매 기록'!$E$5:$E$500,'판매 기록'!$A$5:$A$500,">="&$A7,'판매 기록'!$A$5:$A$500,"<="&$B7) -> 2 | G7: =SUMIFS('판매 기록'!$E$5:$E$500,'판매 기록'!$A$5:$A$500,">="&$A7,'판매 기록'!$A$5:$A$500,"<="&$B7,'판매 기록'!$D$5:$D$500,"쿠팡") -> 2 | H7: =SUMIFS('판매 기록'!$E$5:$E$500,'판매 기록'!$A$5:$A$500,">="&$A7,'판매 기록'!$A$5:$A$500,"<="&$B7,'판매 기록'!$D$5:$D$500,"지마켓") -> 0 | I7: =SUMIFS('판매 기록'!$E$5:$E$500,'판매 기록'!$A$5:$A$500,">="&$A7,'판매 기록'!$A$5:$A$500,"<="&$B7,'판매 기록'!$D$5:$D$500,"11번가") -> 0 | J7: =SUMIFS('판매 기록'!$E$5:$E$500,'판매 기록'!$A$5:$A$500,">="&$A7,'판매 기록'!$A$5:$A$500,"<="&$B7,'판매 기록'!$D$5:$D$500,"전문몰") -> 0 | K7: =SUMIFS('판매 기록'!$E$5:$E$500,'판매 기록'!$A$5:$A$500,">="&$A7,'판매 기록'!$A$5:$A$500,"<="&$B7,'판매 기록'!$D$5:$D$500,"코스모스몰") -> 0 | L7: =SUMIFS('판매 기록'!$E$5:$E$500,'판매 기록'!$A$5:$A$500,">="&$A7,'판매 기록'!$A$5:$A$500,"<="&$B7,'판매 기록'!$B$5:$B$500,"아트지") -> 0 | M7: =SUMIFS('판매 기록'!$E$5:$E$500,'판매 기록'!$A$5:$A$500,">="&$A7,'판매 기록'!$A$5:$A$500,"<="&$B7,'판매 기록'!$B$5:$B$500,"유포지") -> 2 | N7: =SUMIFS('판매 기록'!$E$5:$E$500,'판매 기록'!$A$5:$A$500,">="&$A7,'판매 기록'!$A$5:$A$500,"<="&$B7,'판매 기록'!$B$5:$B$500,"감열지") -> 0 | O7: =COUNTIFS('판매 기록'!$A$5:$A$500,">="&$A7,'판매 기록'!$A$5:$A$500,"<="&$B7,'판매 기록'!$D$5:$D$500,"전문몰") -> 0 | P7: =E7-O7 -> 2
A8: 46235 | B8: 46265 | C8: =MONTH(A8)&"월" -> 8월 | D8: =IF(AND('광고 효과'!$C$5>=A8,'광고 효과'!$C$5<=B8),"광고 시작",IF(A8>'광고 효과'!$C$5,"광고 중","")) | E8: =COUNTIFS('판매 기록'!$A$5:$A$500,">="&$A8,'판매 기록'!$A$5:$A$500,"<="&$B8) -> 16 | F8: =SUMIFS('판매 기록'!$E$5:$E$500,'판매 기록'!$A$5:$A$500,">="&$A8,'판매 기록'!$A$5:$A$500,"<="&$B8) -> 68 | G8: =SUMIFS('판매 기록'!$E$5:$E$500,'판매 기록'!$A$5:$A$500,">="&$A8,'판매 기록'!$A$5:$A$500,"<="&$B8,'판매 기록'!$D$5:$D$500,"쿠팡") -> 6 | H8: =SUMIFS('판매 기록'!$E$5:$E$500,'판매 기록'!$A$5:$A$500,">="&$A8,'판매 기록'!$A$5:$A$500,"<="&$B8,'판매 기록'!$D$5:$D$500,"지마켓") -> 40 | I8: =SUMIFS('판매 기록'!$E$5:$E$500,'판매 기록'!$A$5:$A$500,">="&$A8,'판매 기록'!$A$5:$A$500,"<="&$B8,'판매 기록'!$D$5:$D$500,"11번가") -> 0 | J8: =SUMIFS('판매 기록'!$E$5:$E$500,'판매 기록'!$A$5:$A$500,">="&$A8,'판매 기록'!$A$5:$A$500,"<="&$B8,'판매 기록'!$D$5:$D$500,"전문몰") -> 22 | K8: =SUMIFS('판매 기록'!$E$5:$E$500,'판매 기록'!$A$5:$A$500,">="&$A8,'판매 기록'!$A$5:$A$500,"<="&$B8,'판매 기록'!$D$5:$D$500,"코스모스몰") -> 0 | L8: =SUMIFS('판매 기록'!$E$5:$E$500,'판매 기록'!$A$5:$A$500,">="&$A8,'판매 기록'!$A$5:$A$500,"<="&$B8,'판매 기록'!$B$5:$B$500,"아트지") -> 8 | M8: =SUMIFS('판매 기록'!$E$5:$E$500,'판매 기록'!$A$5:$A$500,">="&$A8,'판매 기록'!$A$5:$A$500,"<="&$B8,'판매 기록'!$B$5:$B$500,"유포지") -> 43 | N8: =SUMIFS('판매 기록'!$E$5:$E$500,'판매 기록'!$A$5:$A$500,">="&$A8,'판매 기록'!$A$5:$A$500,"<="&$B8,'판매 기록'!$B$5:$B$500,"감열지") -> 17 | O8: =COUNTIFS('판매 기록'!$A$5:$A$500,">="&$A8,'판매 기록'!$A$5:$A$500,"<="&$B8,'판매 기록'!$D$5:$D$500,"전문몰") -> 9 | P8: =E8-O8 -> 7
A9: 46266 | B9: 46295 | C9: =MONTH(A9)&"월" -> 9월 | D9: =IF(AND('광고 효과'!$C$5>=A9,'광고 효과'!$C$5<=B9),"광고 시작",IF(A9>'광고 효과'!$C$5,"광고 중","")) -> 광고 시작 | E9: =COUNTIFS('판매 기록'!$A$5:$A$500,">="&$A9,'판매 기록'!$A$5:$A$500,"<="&$B9) -> 16 | F9: =SUMIFS('판매 기록'!$E$5:$E$500,'판매 기록'!$A$5:$A$500,">="&$A9,'판매 기록'!$A$5:$A$500,"<="&$B9) -> 30 | G9: =SUMIFS('판매 기록'!$E$5:$E$500,'판매 기록'!$A$5:$A$500,">="&$A9,'판매 기록'!$A$5:$A$500,"<="&$B9,'판매 기록'!$D$5:$D$500,"쿠팡") -> 4 | H9: =SUMIFS('판매 기록'!$E$5:$E$500,'판매 기록'!$A$5:$A$500,">="&$A9,'판매 기록'!$A$5:$A$500,"<="&$B9,'판매 기록'!$D$5:$D$500,"지마켓") -> 1 | I9: =SUMIFS('판매 기록'!$E$5:$E$500,'판매 기록'!$A$5:$A$500,">="&$A9,'판매 기록'!$A$5:$A$500,"<="&$B9,'판매 기록'!$D$5:$D$500,"11번가") -> 0 | J9: =SUMIFS('판매 기록'!$E$5:$E$500,'판매 기록'!$A$5:$A$500,">="&$A9,'판매 기록'!$A$5:$A$500,"<="&$B9,'판매 기록'!$D$5:$D$500,"전문몰") -> 25 | K9: =SUMIFS('판매 기록'!$E$5:$E$500,'판매 기록'!$A$5:$A$500,">="&$A9,'판매 기록'!$A$5:$A$500,"<="&$B9,'판매 기록'!$D$5:$D$500,"코스모스몰") -> 0 | L9: =SUMIFS('판매 기록'!$E$5:$E$500,'판매 기록'!$A$5:$A$500,">="&$A9,'판매 기록'!$A$5:$A$500,"<="&$B9,'판매 기록'!$B$5:$B$500,"아트지") -> 19 | M9: =SUMIFS('판매 기록'!$E$5:$E$500,'판매 기록'!$A$5:$A$500,">="&$A9,'판매 기록'!$A$5:$A$500,"<="&$B9,'판매 기록'!$B$5:$B$500,"유포지") -> 10 | N9: =SUMIFS('판매 기록'!$E$5:$E$500,'판매 기록'!$A$5:$A$500,">="&$A9,'판매 기록'!$A$5:$A$500,"<="&$B9,'판매 기록'!$B$5:$B$500,"감열지") -> 1 | O9: =COUNTIFS('판매 기록'!$A$5:$A$500,">="&$A9,'판매 기록'!$A$5:$A$500,"<="&$B9,'판매 기록'!$D$5:$D$500,"전문몰") -> 11 | P9: =E9-O9 -> 5
A10: 46296 | B10: 46326 | C10: =MONTH(A10)&"월" -> 10월 | D10: =IF(AND('광고 효과'!$C$5>=A10,'광고 효과'!$C$5<=B10),"광고 시작",IF(A10>'광고 효과'!$C$5,"광고 중","")) -> 광고 중 | E10: =COUNTIFS('판매 기록'!$A$5:$A$500,">="&$A10,'판매 기록'!$A$5:$A$500,"<="&$B10) -> 6 | F10: =SUMIFS('판매 기록'!$E$5:$E$500,'판매 기록'!$A$5:$A$500,">="&$A10,'판매 기록'!$A$5:$A$500,"<="&$B10) -> 31 | G10: =SUMIFS('판매 기록'!$E$5:$E$500,'판매 기록'!$A$5:$A$500,">="&$A10,'판매 기록'!$A$5:$A$500,"<="&$B10,'판매 기록'!$D$5:$D$500,"쿠팡") -> 24 | H10: =SUMIFS('판매 기록'!$E$5:$E$500,'판매 기록'!$A$5:$A$500,">="&$A10,'판매 기록'!$A$5:$A$500,"<="&$B10,'판매 기록'!$D$5:$D$500,"지마켓") -> 0 | I10: =SUMIFS('판매 기록'!$E$5:$E$500,'판매 기록'!$A$5:$A$500,">="&$A10,'판매 기록'!$A$5:$A$500,"<="&$B10,'판매 기록'!$D$5:$D$500,"11번가") -> 0 | J10: =SUMIFS('판매 기록'!$E$5:$E$500,'판매 기록'!$A$5:$A$500,">="&$A10,'판매 기록'!$A$5:$A$500,"<="&$B10,'판매 기록'!$D$5:$D$500,"전문몰") -> 1 | K10: =SUMIFS('판매 기록'!$E$5:$E$500,'판매 기록'!$A$5:$A$500,">="&$A10,'판매 기록'!$A$5:$A$500,"<="&$B10,'판매 기록'!$D$5:$D$500,"코스모스몰") -> 6 | L10: =SUMIFS('판매 기록'!$E$5:$E$500,'판매 기록'!$A$5:$A$500,">="&$A10,'판매 기록'!$A$5:$A$500,"<="&$B10,'판매 기록'!$B$5:$B$500,"아트지") -> 14 | M10: =SUMIFS('판매 기록'!$E$5:$E$500,'판매 기록'!$A$5:$A$500,">="&$A10,'판매 기록'!$A$5:$A$500,"<="&$B10,'판매 기록'!$B$5:$B$500,"유포지") -> 1 | N10: =SUMIFS('판매 기록'!$E$5:$E$500,'판매 기록'!$A$5:$A$500,">="&$A10,'판매 기록'!$A$5:$A$500,"<="&$B10,'판매 기록'!$B$5:$B$500,"감열지") -> 16 | O10: =COUNTIFS('판매 기록'!$A$5:$A$500,">="&$A10,'판매 기록'!$A$5:$A$500,"<="&$B10,'판매 기록'!$D$5:$D$500,"전문몰") -> 1 | P10: =E10-O10 -> 5
C11: 합계 | E11: =SUM(E5:E10) -> 48 | F11: =SUM(F5:F10) -> 228 | G11: =SUM(G5:G10) -> 36 | H11: =SUM(H5:H10) -> 61 | I11: =SUM(I5:I10) -> 0 | J11: =SUM(J5:J10) -> 125 | K11: =SUM(K5:K10) -> 6 | L11: =SUM(L5:L10) -> 71 | ... P11: =SUM(P5:P10) -> 20

Sheet 광고 효과
A1: 쇼핑검색 광고 효과
A2: 광고 판매처 = 전문몰 · 광고 전 8주와 광고 후를 주평균으로 비교 (주평균 = 건수 ÷ 일수 × 7)
A4: 구분 | C4: 시작 | D4: 끝 | E4: 일수
A5: 광고 후 | C5: 46293 | D5: 46302 | E5: =D5-C5+1 -> 10 | F5: ← 노란 칸(광고 시작일·오늘)을 바꾸면 전체가 다시 계산됩니다
A6: 광고 전 | C6: =C5-56 -> 46237 | D6: =C5-1 -> 46292 | E6: =D6-C6+1 -> 56
A8: 구분 | C8: 광고 전 건수 | D8: 광고 전 롤 | E8: 광고 후 건수 | F8: 광고 후 롤 | G8: 광고 전 주평균 건수 | H8: 광고 후 주평균 건수 | I8: 변화 | J8: 광고 전 주평균 롤 | K8: 광고 후 주평균 롤 | L8: 변화
A9: 전문몰 (광고) | C9: =COUNTIFS('판매 기록'!$A$5:$A$500,">="&$C$6,'판매 기록'!$A$5:$A$500,"<="&$D$6,'판매 기록'!$D$5:$D$500,"전문몰") -> 17 | D9: =SUMIFS('판매 기록'!$E$5:$E$500,'판매 기록'!$A$5:$A$500,">="&$C$6,'판매 기록'!$A$5:$A$500,"<="&$D$6,'판매 기록'!$D$5:$D$500,"전문몰") -> 40 | E9: =COUNTIFS('판매 기록'!$A$5:$A$500,">="&$C$5,'판매 기록'!$A$5:$A$500,"<="&$D$5,'판매 기록'!$D$5:$D$500,"전문몰") -> 4 | F9: =SUMIFS('판매 기록'!$E$5:$E$500,'판매 기록'!$A$5:$A$500,">="&$C$5,'판매 기록'!$A$5:$A$500,"<="&$D$5,'판매 기록'!$D$5:$D$500,"전문몰") -> 8 | G9: =C9/$E$6*7 -> 2.125 | H9: =E9/$E$5*7 -> 2.8 | I9: =IF(G9=0,"-",H9/G9-1) -> 0.31764706 | J9: =D9/$E$6*7 -> 5 | K9: =F9/$E$5*7 -> 5.6 | L9: =IF(J9=0,"-",K9/J9-1) -> 0.12
A10: 그 외 판매처 (비교용) | C10: =COUNTIFS('판매 기록'!$A$5:$A$500,">="&$C$6,'판매 기록'!$A$5:$A$500,"<="&$D$6,'판매 기록'!$D$5:$D$500,"<>전문몰") -> 11 | D10: =SUMIFS('판매 기록'!$E$5:$E$500,'판매 기록'!$A$5:$A$500,">="&$C$6,'판매 기록'!$A$5:$A$500,"<="&$D$6,'판매 기록'!$D$5:$D$500,"<>전문몰") -> 50 | E10: =COUNTIFS('판매 기록'!$A$5:$A$500,">="&$C$5,'판매 기록'!$A$5:$A$500,"<="&$D$5,'판매 기록'!$D$5:$D$500,"<>전문몰") -> 6 | F10: =SUMIFS('판매 기록'!$E$5:$E$500,'판매 기록'!$A$5:$A$500,">="&$C$5,'판매 기록'!$A$5:$A$500,"<="&$D$5,'판매 기록'!$D$5:$D$500,"<>전문몰") -> 31 | G10: =C10/$E$6*7 -> 1.375 | H10: =E10/$E$5*7 -> 4.2 | I10: =IF(G10=0,"-",H10/G10-1) -> 2.0545455 | J10: =D10/$E$6*7 -> 6.25 | K10: =F10/$E$5*7 -> 21.7 | L10: =IF(J10=0,"-",K10/J10-1) -> 2.472
A11: 전체 | C11: =COUNTIFS('판매 기록'!$A$5:$A$500,">="&$C$6,'판매 기록'!$A$5:$A$500,"<="&$D$6) -> 28 | D11: =SUMIFS('판매 기록'!$E$5:$E$500,'판매 기록'!$A$5:$A$500,">="&$C$6,'판매 기록'!$A$5:$A$500,"<="&$D$6) -> 90 | E11: =COUNTIFS('판매 기록'!$A$5:$A$500,">="&$C$5,'판매 기록'!$A$5:$A$500,"<="&$D$5) -> 10 | F11: =SUMIFS('판매 기록'!$E$5:$E$500,'판매 기록'!$A$5:$A$500,">="&$C$5,'판매 기록'!$A$5:$A$500,"<="&$D$5) -> 39 | G11: =C11/$E$6*7 -> 3.5 | H11: =E11/$E$5*7 -> 7 | I11: =IF(G11=0,"-",H11/G11-1) -> 1 | J11: =D11/$E$6*7 -> 11.25 | K11: =F11/$E$5*7 -> 27.3 | L11: =IF(J11=0,"-",K11/J11-1) -> 1.4266667
A13: 판단
A14: =IF(H9>G9,"전문몰 판매가 주평균 "&TEXT(G9,"0.0")&"건 → "&TEXT(H9,"0.0")&"건으로 늘었습니다. ","전문몰 판매가 주평균 "&TEXT(G9,"0.0")&"건 → "&TEXT(H9,"0.0")&"건으로 늘지 않았습니다. ")&IF(AND(H9>G9,H10>G10),"다만 광고하지 않은 판매처도 "&TEXT(I10,"+0%")&" 늘어서 광고 효과와 전체 수요 증가를 구분하기 어렵습니다. ",IF(H9>G9,"그 외 판매처는 늘지 않아 광고 영향일 가능성이 있습니다. ",""))&IF(E5<28,"광고 기간이 "&E5&"일뿐이라 4주 이상 쌓인 뒤 다시 보는 것이 안전합니다.","") -> 전문몰 판매가 주평균 2.1건 → 2.8건으로 늘었습니다. 다만 광고하지 않은 판매처도 +205% 늘어서 광고 효과와 전체 수요 증가를 구분하기 어렵습니다. 광고 기간이 10일뿐이라 4주 이상 쌓인 뒤 다시 보는 것이 안전합니다.
A18: 광고 상품별 판매 (전문몰)
A19: 광고 키워드 | B19: 재질 | C19: 규격 | D19: 광고 전 전문몰 건수 | E19: 광고 전 전문몰 롤 | F19: 광고 후 전문몰 건수 | G19: 광고 후 전문몰 롤 | H19: 광고 후 전체 판매처 건수 | I19: 광고 후 전체 판매처 롤 | J19: 실재고 (10/7) | K19: 메인 최고 순위 | L19: 권장 입찰가
A20: 유포라벨 | B20: 유포지 | C20: 30*15 | D20: =COUNTIFS('판매 기록'!$A$5:$A$500,">="&$C$6,'판매 기록'!$A$5:$A$500,"<="&$D$6,'판매 기록'!$B$5:$B$500,$B20,'판매 기록'!$C$5:$C$500,$C20,'판매 기록'!$D$5:$D$500,"전문몰") -> 1 | E20: =SUMIFS('판매 기록'!$E$5:$E$500,'판매 기록'!$A$5:$A$500,">="&$C$6,'판매 기록'!$A$5:$A$500,"<="&$D$6,'판매 기록'!$B$5:$B$500,$B20,'판매 기록'!$C$5:$C$500,$C20,'판매 기록'!$D$5:$D$500,"전문몰") -> 2 | F20: =COUNTIFS('판매 기록'!$A$5:$A$500,">="&$C$5,'판매 기록'!$A$5:$A$500,"<="&$D$5,'판매 기록'!$B$5:$B$500,$B20,'판매 기록'!$C$5:$C$500,$C20,'판매 기록'!$D$5:$D$500,"전문몰") -> 2 | G20: =SUMIFS('판매 기록'!$E$5:$E$500,'판매 기록'!$A$5:$A$500,">="&$C$5,'판매 기록'!$A$5:$A$500,"<="&$D$5,'판매 기록'!$B$5:$B$500,$B20,'판매 기록'!$C$5:$C$500,$C20,'판매 기록'!$D$5:$D$500,"전문몰") -> 2 | H20: =COUNTIFS('판매 기록'!$A$5:$A$500,">="&$C$5,'판매 기록'!$A$5:$A$500,"<="&$D$5,'판매 기록'!$B$5:$B$500,$B20,'판매 기록'!$C$5:$C$500,$C20) -> 2 | I20: =SUMIFS('판매 기록'!$E$5:$E$500,'판매 기록'!$A$5:$A$500,">="&$C$5,'판매 기록'!$A$5:$A$500,"<="&$D$5,'판매 기록'!$B$5:$B$500,$B20,'판매 기록'!$C$5:$C$500,$C20) -> 2 | J20: 68 | K20: 1위 (3,500원, 10/6 오전) | L20: 3,500원
A21: 감열라벨 | B21: 감열지 | C21: 100*100 | D21: =COUNTIFS('판매 기록'!$A$5:$A$500,">="&$C$6,'판매 기록'!$A$5:$A$500,"<="&$D$6,'판매 기록'!$B$5:$B$500,$B21,'판매 기록'!$C$5:$C$500,$C21,'판매 기록'!$D$5:$D$500,"전문몰") -> 0 | E21: =SUMIFS('판매 기록'!$E$5:$E$500,'판매 기록'!$A$5:$A$500,">="&$C$6,'판매 기록'!$A$5:$A$500,"<="&$D$6,'판매 기록'!$B$5:$B$500,$B21,'판매 기록'!$C$5:$C$500,$C21,'판매 기록'!$D$5:$D$500,"전문몰") -> 0 | F21: =COUNTIFS('판매 기록'!$A$5:$A$500,">="&$C$5,'판매 기록'!$A$5:$A$500,"<="&$D$5,'판매 기록'!$B$5:$B$500,$B21,'판매 기록'!$C$5:$C$500,$C21,'판매 기록'!$D$5:$D$500,"전문몰") -> 0 | G21: =SUMIFS('판매 기록'!$E$5:$E$500,'판매 기록'!$A$5:$A$500,">="&$C$5,'판매 기록'!$A$5:$A$500,"<="&$D$5,'판매 기록'!$B$5:$B$500,$B21,'판매 기록'!$C$5:$C$500,$C21,'판매 기록'!$D$5:$D$500,"전문몰") -> 0 | H21: =COUNTIFS('판매 기록'!$A$5:$A$500,">="&$C$5,'판매 기록'!$A$5:$A$500,"<="&$D$5,'판매 기록'!$B$5:$B$500,$B21,'판매 기록'!$C$5:$C$500,$C21) -> 2 | I21: =SUMIFS('판매 기록'!$E$5:$E$500,'판매 기록'!$A$5:$A$500,">="&$C$5,'판매 기록'!$A$5:$A$500,"<="&$D$5,'판매 기록'!$B$5:$B$500,$B21,'판매 기록'!$C$5:$C$500,$C21) -> 7 | J21: 329 | K21: 2위 (1위는 매번 디엘에스피) | L21: 2,500~2,800원
A22: 아트라벨 | B22: 아트지 | C22: 60*40 | D22: =COUNTIFS('판매 기록'!$A$5:$A$500,">="&$C$6,'판매 기록'!$A$5:$A$500,"<="&$D$6,'판매 기록'!$B$5:$B$500,$B22,'판매 기록'!$C$5:$C$500,$C22,'판매 기록'!$D$5:$D$500,"전문몰") -> 1 | E22: =SUMIFS('판매 기록'!$E$5:$E$500,'판매 기록'!$A$5:$A$500,">="&$C$6,'판매 기록'!$A$5:$A$500,"<="&$D$6,'판매 기록'!$B$5:$B$500,$B22,'판매 기록'!$C$5:$C$500,$C22,'판매 기록'!$D$5:$D$500,"전문몰") -> 5 | F22: =COUNTIFS('판매 기록'!$A$5:$A$500,">="&$C$5,'판매 기록'!$A$5:$A$500,"<="&$D$5,'판매 기록'!$B$5:$B$500,$B22,'판매 기록'!$C$5:$C$500,$C22,'판매 기록'!$D$5:$D$500,"전문몰") -> 0 | G22: =SUMIFS('판매 기록'!$E$5:$E$500,'판매 기록'!$A$5:$A$500,">="&$C$5,'판매 기록'!$A$5:$A$500,"<="&$D$5,'판매 기록'!$B$5:$B$500,$B22,'판매 기록'!$C$5:$C$500,$C22,'판매 기록'!$D$5:$D$500,"전문몰") -> 0 | H22: =COUNTIFS('판매 기록'!$A$5:$A$500,">="&$C$5,'판매 기록'!$A$5:$A$500,"<="&$D$5,'판매 기록'!$B$5:$B$500,$B22,'판매 기록'!$C$5:$C$500,$C22) -> 2 | I22: =SUMIFS('판매 기록'!$E$5:$E$500,'판매 기록'!$A$5:$A$500,">="&$C$5,'판매 기록'!$A$5:$A$500,"<="&$D$5,'판매 기록'!$B$5:$B$500,$B22,'판매 기록'!$C$5:$C$500,$C22) -> 2 | J22: 91 | K22: 1위 (2,300원, 10/6 오전) | L22: 2,300~2,800원
A23: 메인 순위·권장 입찰가: 네이버쇼핑 입찰조사(9/28~10/6) 기준. 권장 입찰가는 조사 결과를 보고 정한 값입니다. 실재고: 재고 프로그램 10/7.

Sheet 판매 기록
A1: 중국라벨 판매 기록
A2: 출처: 라벨 마스터 ‘판매현황’ 시트 (80*40은 중국라벨이 아니라 제외). 새 판매는 맨 아래에 이어서 적으면 다른 시트에 반영됩니다.
A4: 판매일자 | B4: 재질 | C4: 규격 | D4: 판매처 | E4: 수량(롤) | F4: 비고
A5: 46168 | B5: 유포지 | C5: 50*30 | D5: 전문몰 | E5: 50 | F5: 품절/광고안함
A6: 46169 | B6: 아트지 | C6: 50*50 | D6: 지마켓 | E6: 20
A7: 46183 | B7: 유포지 | C7: 30*15 | D7: 전문몰 | E7: 5 | F7: 왁스레진 함께 출고
A8: 46184 | B8: 유포지 | C8: 100*70 | D8: 전문몰 | E8: 1
A9: 46185 | B9: 유포지 | C9: 30*15 | D9: 전문몰 | E9: 1
A10: 46191 | B10: 아트지 | C10: 100*100 | D10: 전문몰 | E10: 10 | F10: 오픈몰x재고 없어서/퀵
A11: 46195 | B11: 유포지 | C11: 60*40 | D11: 전문몰 | E11: 5 | F11: 레진과 함께 출고
A12: 46203 | B12: 유포지 | C12: 100*150 | D12: 전문몰 | E12: 5
A13: 46211 | B13: 유포지 | C13: 70*50 | D13: 쿠팡 | E13: 1
A14: 46234 | B14: 유포지 | C14: 100*90 | D14: 쿠팡 | E14: 1
A15: 46237 | B15: 아트지 | C15: 60*40 | D15: 쿠팡 | E15: 1
A16: 46238 | B16: 유포지 | C16: 100*90 | D16: 전문몰 | E16: 2
A17: 46241 | B17: 유포지 | C17: 100*35 | D17: 전문몰 | E17: 1
A18: 46247 | B18: 유포지 | C18: 100*100 | D18: 전문몰 | E18: 2
A19: 46247 | B19: 유포지 | C19: 100*100 | D19: 전문몰 | E19: 5
A20: 46254 | B20: 아트지 | C20: 100*60 | D20: 지마켓 | E20: 5
A21: 46255 | B21: 유포지 | C21: 100*100 | D21: 전문몰 | E21: 1
A22: 46255 | B22: 유포지 | C22: 100*100 | D22: 전문몰 | E22: 5
A23: 46255 | B23: 유포지 | C23: 100*100 | D23: 전문몰 | E23: 1
... A25: 46258 | B25: 유포지 | C25: 70*50 | D25: 전문몰 | E25: 4
A26: 46260 | B26: 유포지 | C26: 70*50 | D26: 전문몰 | E26: 1 | F26: 전문몰 총 99롤
A27: 46261 | B27: 유포지 | C27: 100*80 | D27: 지마켓 | E27: 19 | F27: 지마켓 총 63롤
A28: 46261 | B28: 감열지 | C28: 80*70 | D28: 쿠팡 | E28: 1
A29: 46261 | B29: 유포지 | C29: 30*15 | D29: 쿠팡 | E29: 2 | F29: 쿠팡 총 14롤
A30: 46261 | B30: 아트지 | C30: 100*60 | D30: 쿠팡 | E30: 2
A31: 46267 | B31: 아트지 | C31: 100*60 | D31: 전문몰 | E31: 5
A32: 46268 | B32: 아트지 | C32: 100*60 | D32: 전문몰 | E32: 1
A33: 46269 | B33: 유포지 | C33: 30*15 | D33: 전문몰 | E33: 2
A34: 46269 | B34: 유포지 | C34: 70*50 | D34: 전문몰 | E34: 1
A35: 46272 | B35: 아트지 | C35: 100*100 | D35: 전문몰 | E35: 1
A36: 46272 | B36: 아트지 | C36: 40*20 | D36: 전문몰 | E36: 2
A37: 46272 | B37: 아트지 | C37: 50*50 | D37: 쿠팡 | E37: 1
A38: 46274 | B38: 아트지 | C38: 50*50 | D38: 쿠팡 | E38: 1
A39: 46275 | B39: 유포지 | C39: 100*70 | D39: 쿠팡 | E39: 1
A40: 46275 | B40: 아트지 | C40: 80*60 | D40: 전문몰 | E40: 1
A41: 46279 | B41: 아트지 | C41: 60*40 | D41: 쿠팡 | E41: 1
... A52: 46301 | B52: 감열지 | C52: 100*100 | D52: 코스모스몰 | E52: 6
